path,label,predicted,confidence
Rice_Leaf_Diease/Rice_Leaf_Diease/test/bacterial_leaf_blight/1601885203_image2.jpg,bacterial_leaf_blight,bacterial_leaf_blight,0.995401
Rice_Leaf_Diease/Rice_Leaf_Diease/test/bacterial_leaf_blight/Bacterial-Blight-of-rice.jpg,bacterial_leaf_blight,bacterial_leaf_blight,0.9881634
Rice_Leaf_Diease/Rice_Leaf_Diease/test/bacterial_leaf_blight/bacterial_leaf_blight (1).JPG,bacterial_leaf_blight,bacterial_leaf_blight,0.9962578
Rice_Leaf_Diease/Rice_Leaf_Diease/test/bacterial_leaf_blight/bacterial_leaf_blight (10).JPG,bacterial_leaf_blight,bacterial_leaf_blight,0.9632457
Rice_Leaf_Diease/Rice_Leaf_Diease/test/bacterial_leaf_blight/bacterial_leaf_blight (100).JPG,bacterial_leaf_blight,bacterial_leaf_blight,0.97203946
Rice_Leaf_Diease/Rice_Leaf_Diease/test/bacterial_leaf_blight/bacterial_leaf_blight (101).JPG,bacterial_leaf_blight,bacterial_leaf_blight,0.98158824
Rice_Leaf_Diease/Rice_Leaf_Diease/test/bacterial_leaf_blight/bacterial_leaf_blight (102).JPG,bacterial_leaf_blight,bacterial_leaf_blight,0.9284978
Rice_Leaf_Diease/Rice_Leaf_Diease/test/bacterial_leaf_blight/bacterial_leaf_blight (103).JPG,bacterial_leaf_blight,bacterial_leaf_blight,0.96672195
Rice_Leaf_Diease/Rice_Leaf_Diease/test/bacterial_leaf_blight/bacterial_leaf_blight (104).JPG,bacterial_leaf_blight,bacterial_leaf_blight,0.97820413
Rice_Leaf_Diease/Rice_Leaf_Diease/test/bacterial_leaf_blight/bacterial_leaf_blight (105).JPG,bacterial_leaf_blight,bacterial_leaf_blight,0.9750762
Rice_Leaf_Diease/Rice_Leaf_Diease/test/bacterial_leaf_blight/bacterial_leaf_blight (106).JPG,bacterial_leaf_blight,bacterial_leaf_blight,0.98196304
Rice_Leaf_Diease/Rice_Leaf_Diease/test/bacterial_leaf_blight/bacterial_leaf_blight (107).JPG,bacterial_leaf_blight,bacterial_leaf_blight,0.9620996
Rice_Leaf_Diease/Rice_Leaf_Diease/test/bacterial_leaf_blight/bacterial_leaf_blight (108).jpg,bacterial_leaf_blight,bacterial_leaf_blight,0.9865253
Rice_Leaf_Diease/Rice_Leaf_Diease/test/bacterial_leaf_blight/bacterial_leaf_blight (109).jpg,bacterial_leaf_blight,bacterial_leaf_blight,0.9811017
Rice_Leaf_Diease/Rice_Leaf_Diease/test/bacterial_leaf_blight/bacterial_leaf_blight (11).JPG,bacterial_leaf_blight,bacterial_leaf_blight,0.98200536
Rice_Leaf_Diease/Rice_Leaf_Diease/test/bacterial_leaf_blight/bacterial_leaf_blight (110).jpg,bacterial_leaf_blight,bacterial_leaf_blight,0.9975641
Rice_Leaf_Diease/Rice_Leaf_Diease/test/bacterial_leaf_blight/bacterial_leaf_blight (111).JPG,bacterial_leaf_blight,bacterial_leaf_blight,0.9438833
Rice_Leaf_Diease/Rice_Leaf_Diease/test/bacterial_leaf_blight/bacterial_leaf_blight (112).JPG,bacterial_leaf_blight,bacterial_leaf_blight,0.9799968
Rice_Leaf_Diease/Rice_Leaf_Diease/test/bacterial_leaf_blight/bacterial_leaf_blight (113).jpg,bacterial_leaf_blight,bacterial_leaf_blight,0.9744418
Rice_Leaf_Diease/Rice_Leaf_Diease/test/bacterial_leaf_blight/bacterial_leaf_blight (114).JPG,bacterial_leaf_blight,bacterial_leaf_blight,0.95908475
Rice_Leaf_Diease/Rice_Leaf_Diease/test/bacterial_leaf_blight/bacterial_leaf_blight (115).JPG,bacterial_leaf_blight,bacterial_leaf_blight,0.97804785
Rice_Leaf_Diease/Rice_Leaf_Diease/test/bacterial_leaf_blight/bacterial_leaf_blight (116).JPG,bacterial_leaf_blight,bacterial_leaf_blight,0.9840168
Rice_Leaf_Diease/Rice_Leaf_Diease/test/bacterial_leaf_blight/bacterial_leaf_blight (117).JPG,bacterial_leaf_blight,bacterial_leaf_blight,0.9820743
Rice_Leaf_Diease/Rice_Leaf_Diease/test/bacterial_leaf_blight/bacterial_leaf_blight (118).JPG,bacterial_leaf_blight,bacterial_leaf_blight,0.9552018
Rice_Leaf_Diease/Rice_Leaf_Diease/test/bacterial_leaf_blight/bacterial_leaf_blight (119).JPG,bacterial_leaf_blight,bacterial_leaf_blight,0.9848439
Rice_Leaf_Diease/Rice_Leaf_Diease/test/bacterial_leaf_blight/bacterial_leaf_blight (12).JPG,bacterial_leaf_blight,bacterial_leaf_blight,0.9656933
Rice_Leaf_Diease/Rice_Leaf_Diease/test/bacterial_leaf_blight/bacterial_leaf_blight (120).JPG,bacterial_leaf_blight,bacterial_leaf_blight,0.9761509
Rice_Leaf_Diease/Rice_Leaf_Diease/test/bacterial_leaf_blight/bacterial_leaf_blight (121).JPG,bacterial_leaf_blight,bacterial_leaf_blight,0.97338414
Rice_Leaf_Diease/Rice_Leaf_Diease/test/bacterial_leaf_blight/bacterial_leaf_blight (122).JPG,bacterial_leaf_blight,bacterial_leaf_blight,0.9733874
Rice_Leaf_Diease/Rice_Leaf_Diease/test/bacterial_leaf_blight/bacterial_leaf_blight (123).JPG,bacterial_leaf_blight,bacterial_leaf_blight,0.9505981
Rice_Leaf_Diease/Rice_Leaf_Diease/test/bacterial_leaf_blight/bacterial_leaf_blight (124).jpg,bacterial_leaf_blight,bacterial_leaf_blight,0.9159413
Rice_Leaf_Diease/Rice_Leaf_Diease/test/bacterial_leaf_blight/bacterial_leaf_blight (125).jpg,bacterial_leaf_blight,bacterial_leaf_blight,0.9765703
Rice_Leaf_Diease/Rice_Leaf_Diease/test/bacterial_leaf_blight/bacterial_leaf_blight (126).JPG,bacterial_leaf_blight,bacterial_leaf_blight,0.97421855
Rice_Leaf_Diease/Rice_Leaf_Diease/test/bacterial_leaf_blight/bacterial_leaf_blight (127).JPG,bacterial_leaf_blight,bacterial_leaf_blight,0.975245
Rice_Leaf_Diease/Rice_Leaf_Diease/test/bacterial_leaf_blight/bacterial_leaf_blight (128).JPG,bacterial_leaf_blight,bacterial_leaf_blight,0.96661794
Rice_Leaf_Diease/Rice_Leaf_Diease/test/bacterial_leaf_blight/bacterial_leaf_blight (129).JPG,bacterial_leaf_blight,bacterial_leaf_blight,0.96603173
Rice_Leaf_Diease/Rice_Leaf_Diease/test/bacterial_leaf_blight/bacterial_leaf_blight (13).JPG,bacterial_leaf_blight,bacterial_leaf_blight,0.97096145
Rice_Leaf_Diease/Rice_Leaf_Diease/test/bacterial_leaf_blight/bacterial_leaf_blight (130).JPG,bacterial_leaf_blight,bacterial_leaf_blight,0.97453976
Rice_Leaf_Diease/Rice_Leaf_Diease/test/bacterial_leaf_blight/bacterial_leaf_blight (131).JPG,bacterial_leaf_blight,bacterial_leaf_blight,0.9751854
Rice_Leaf_Diease/Rice_Leaf_Diease/test/bacterial_leaf_blight/bacterial_leaf_blight (132).JPG,bacterial_leaf_blight,bacterial_leaf_blight,0.98290277
Rice_Leaf_Diease/Rice_Leaf_Diease/test/bacterial_leaf_blight/bacterial_leaf_blight (133).JPG,bacterial_leaf_blight,bacterial_leaf_blight,0.9566338
Rice_Leaf_Diease/Rice_Leaf_Diease/test/bacterial_leaf_blight/bacterial_leaf_blight (134).JPG,bacterial_leaf_blight,bacterial_leaf_blight,0.9762379
Rice_Leaf_Diease/Rice_Leaf_Diease/test/bacterial_leaf_blight/bacterial_leaf_blight (135).JPG,bacterial_leaf_blight,bacterial_leaf_blight,0.9653814
Rice_Leaf_Diease/Rice_Leaf_Diease/test/bacterial_leaf_blight/bacterial_leaf_blight (136).jpg,bacterial_leaf_blight,bacterial_leaf_blight,0.9929496
Rice_Leaf_Diease/Rice_Leaf_Diease/test/bacterial_leaf_blight/bacterial_leaf_blight (137).JPG,bacterial_leaf_blight,bacterial_leaf_blight,0.98908174
Rice_Leaf_Diease/Rice_Leaf_Diease/test/bacterial_leaf_blight/bacterial_leaf_blight (138).JPG,bacterial_leaf_blight,bacterial_leaf_blight,0.978429
Rice_Leaf_Diease/Rice_Leaf_Diease/test/bacterial_leaf_blight/bacterial_leaf_blight (139).JPG,bacterial_leaf_blight,bacterial_leaf_blight,0.9729264
Rice_Leaf_Diease/Rice_Leaf_Diease/test/bacterial_leaf_blight/bacterial_leaf_blight (14).JPG,bacterial_leaf_blight,bacterial_leaf_blight,0.9626178
Rice_Leaf_Diease/Rice_Leaf_Diease/test/bacterial_leaf_blight/bacterial_leaf_blight (140).JPG,bacterial_leaf_blight,bacterial_leaf_blight,0.9723598
Rice_Leaf_Diease/Rice_Leaf_Diease/test/bacterial_leaf_blight/bacterial_leaf_blight (141).JPG,bacterial_leaf_blight,bacterial_leaf_blight,0.9792891
Rice_Leaf_Diease/Rice_Leaf_Diease/test/bacterial_leaf_blight/bacterial_leaf_blight (142).JPG,bacterial_leaf_blight,bacterial_leaf_blight,0.98235494
Rice_Leaf_Diease/Rice_Leaf_Diease/test/bacterial_leaf_blight/bacterial_leaf_blight (143).JPG,bacterial_leaf_blight,bacterial_leaf_blight,0.94826734
Rice_Leaf_Diease/Rice_Leaf_Diease/test/bacterial_leaf_blight/bacterial_leaf_blight (144).JPG,bacterial_leaf_blight,bacterial_leaf_blight,0.97193617
Rice_Leaf_Diease/Rice_Leaf_Diease/test/bacterial_leaf_blight/bacterial_leaf_blight (145).JPG,bacterial_leaf_blight,bacterial_leaf_blight,0.9534559
Rice_Leaf_Diease/Rice_Leaf_Diease/test/bacterial_leaf_blight/bacterial_leaf_blight (146).JPG,bacterial_leaf_blight,bacterial_leaf_blight,0.98179597
Rice_Leaf_Diease/Rice_Leaf_Diease/test/bacterial_leaf_blight/bacterial_leaf_blight (147).JPG,bacterial_leaf_blight,bacterial_leaf_blight,0.9757166
Rice_Leaf_Diease/Rice_Leaf_Diease/test/bacterial_leaf_blight/bacterial_leaf_blight (148).JPG,bacterial_leaf_blight,bacterial_leaf_blight,0.97442067
Rice_Leaf_Diease/Rice_Leaf_Diease/test/bacterial_leaf_blight/bacterial_leaf_blight (149).JPG,bacterial_leaf_blight,bacterial_leaf_blight,0.95980483
Rice_Leaf_Diease/Rice_Leaf_Diease/test/bacterial_leaf_blight/bacterial_leaf_blight (15).JPG,bacterial_leaf_blight,bacterial_leaf_blight,0.97998214
Rice_Leaf_Diease/Rice_Leaf_Diease/test/bacterial_leaf_blight/bacterial_leaf_blight (150).JPG,bacterial_leaf_blight,bacterial_leaf_blight,0.98059505
Rice_Leaf_Diease/Rice_Leaf_Diease/test/bacterial_leaf_blight/bacterial_leaf_blight (151).JPG,bacterial_leaf_blight,bacterial_leaf_blight,0.9721581
Rice_Leaf_Diease/Rice_Leaf_Diease/test/bacterial_leaf_blight/bacterial_leaf_blight (152).JPG,bacterial_leaf_blight,bacterial_leaf_blight,0.95570827
Rice_Leaf_Diease/Rice_Leaf_Diease/test/bacterial_leaf_blight/bacterial_leaf_blight (153).JPG,bacterial_leaf_blight,bacterial_leaf_blight,0.9629126
Rice_Leaf_Diease/Rice_Leaf_Diease/test/bacterial_leaf_blight/bacterial_leaf_blight (154).jpg,bacterial_leaf_blight,bacterial_leaf_blight,0.9820281
Rice_Leaf_Diease/Rice_Leaf_Diease/test/bacterial_leaf_blight/bacterial_leaf_blight (155).jpg,bacterial_leaf_blight,bacterial_leaf_blight,0.9850723
Rice_Leaf_Diease/Rice_Leaf_Diease/test/bacterial_leaf_blight/bacterial_leaf_blight (156).JPG,bacterial_leaf_blight,bacterial_leaf_blight,0.97826594
Rice_Leaf_Diease/Rice_Leaf_Diease/test/bacterial_leaf_blight/bacterial_leaf_blight (157).jpg,bacterial_leaf_blight,bacterial_leaf_blight,0.992353
Rice_Leaf_Diease/Rice_Leaf_Diease/test/bacterial_leaf_blight/bacterial_leaf_blight (158).jpg,bacterial_leaf_blight,bacterial_leaf_blight,0.9835712
Rice_Leaf_Diease/Rice_Leaf_Diease/test/bacterial_leaf_blight/bacterial_leaf_blight (159).jpg,bacterial_leaf_blight,bacterial_leaf_blight,0.97457844
Rice_Leaf_Diease/Rice_Leaf_Diease/test/bacterial_leaf_blight/bacterial_leaf_blight (16).JPG,bacterial_leaf_blight,bacterial_leaf_blight,0.9470951
Rice_Leaf_Diease/Rice_Leaf_Diease/test/bacterial_leaf_blight/bacterial_leaf_blight (160).JPG,bacterial_leaf_blight,bacterial_leaf_blight,0.9641134
Rice_Leaf_Diease/Rice_Leaf_Diease/test/bacterial_leaf_blight/bacterial_leaf_blight (161).jpg,bacterial_leaf_blight,bacterial_leaf_blight,0.9697739
Rice_Leaf_Diease/Rice_Leaf_Diease/test/bacterial_leaf_blight/bacterial_leaf_blight (162).JPG,bacterial_leaf_blight,bacterial_leaf_blight,0.98718446
Rice_Leaf_Diease/Rice_Leaf_Diease/test/bacterial_leaf_blight/bacterial_leaf_blight (163).jpg,bacterial_leaf_blight,bacterial_leaf_blight,0.96967614
Rice_Leaf_Diease/Rice_Leaf_Diease/test/bacterial_leaf_blight/bacterial_leaf_blight (164).JPG,bacterial_leaf_blight,bacterial_leaf_blight,0.9602888
Rice_Leaf_Diease/Rice_Leaf_Diease/test/bacterial_leaf_blight/bacterial_leaf_blight (165).jpg,bacterial_leaf_blight,bacterial_leaf_blight,0.96235645
Rice_Leaf_Diease/Rice_Leaf_Diease/test/bacterial_leaf_blight/bacterial_leaf_blight (166).JPG,bacterial_leaf_blight,bacterial_leaf_blight,0.98782605
Rice_Leaf_Diease/Rice_Leaf_Diease/test/bacterial_leaf_blight/bacterial_leaf_blight (167).jpg,bacterial_leaf_blight,bacterial_leaf_blight,0.98267144
Rice_Leaf_Diease/Rice_Leaf_Diease/test/bacterial_leaf_blight/bacterial_leaf_blight (168).jpg,bacterial_leaf_blight,bacterial_leaf_blight,0.95536685
Rice_Leaf_Diease/Rice_Leaf_Diease/test/bacterial_leaf_blight/bacterial_leaf_blight (169).JPG,bacterial_leaf_blight,bacterial_leaf_blight,0.9763084
Rice_Leaf_Diease/Rice_Leaf_Diease/test/bacterial_leaf_blight/bacterial_leaf_blight (17).JPG,bacterial_leaf_blight,bacterial_leaf_blight,0.97595984
Rice_Leaf_Diease/Rice_Leaf_Diease/test/bacterial_leaf_blight/bacterial_leaf_blight (170).jpg,bacterial_leaf_blight,bacterial_leaf_blight,0.9959163
Rice_Leaf_Diease/Rice_Leaf_Diease/test/bacterial_leaf_blight/bacterial_leaf_blight (171).jpg,bacterial_leaf_blight,bacterial_leaf_blight,0.963093
Rice_Leaf_Diease/Rice_Leaf_Diease/test/bacterial_leaf_blight/bacterial_leaf_blight (172).jpg,bacterial_leaf_blight,bacterial_leaf_blight,0.97898644
Rice_Leaf_Diease/Rice_Leaf_Diease/test/bacterial_leaf_blight/bacterial_leaf_blight (173).JPG,bacterial_leaf_blight,bacterial_leaf_blight,0.984559
Rice_Leaf_Diease/Rice_Leaf_Diease/test/bacterial_leaf_blight/bacterial_leaf_blight (174).JPG,bacterial_leaf_blight,bacterial_leaf_blight,0.97091854
Rice_Leaf_Diease/Rice_Leaf_Diease/test/bacterial_leaf_blight/bacterial_leaf_blight (175).JPG,bacterial_leaf_blight,bacterial_leaf_blight,0.9767289
Rice_Leaf_Diease/Rice_Leaf_Diease/test/bacterial_leaf_blight/bacterial_leaf_blight (176).JPG,bacterial_leaf_blight,bacterial_leaf_blight,0.96773416
Rice_Leaf_Diease/Rice_Leaf_Diease/test/bacterial_leaf_blight/bacterial_leaf_blight (177).JPG,bacterial_leaf_blight,bacterial_leaf_blight,0.97662055
Rice_Leaf_Diease/Rice_Leaf_Diease/test/bacterial_leaf_blight/bacterial_leaf_blight (178).JPG,bacterial_leaf_blight,bacterial_leaf_blight,0.9715849
Rice_Leaf_Diease/Rice_Leaf_Diease/test/bacterial_leaf_blight/bacterial_leaf_blight (179).JPG,bacterial_leaf_blight,bacterial_leaf_blight,0.9776348
Rice_Leaf_Diease/Rice_Leaf_Diease/test/bacterial_leaf_blight/bacterial_leaf_blight (18).JPG,bacterial_leaf_blight,bacterial_leaf_blight,0.97123724
Rice_Leaf_Diease/Rice_Leaf_Diease/test/bacterial_leaf_blight/bacterial_leaf_blight (180).JPG,bacterial_leaf_blight,bacterial_leaf_blight,0.9866703
Rice_Leaf_Diease/Rice_Leaf_Diease/test/bacterial_leaf_blight/bacterial_leaf_blight (181).JPG,bacterial_leaf_blight,bacterial_leaf_blight,0.9876303
Rice_Leaf_Diease/Rice_Leaf_Diease/test/bacterial_leaf_blight/bacterial_leaf_blight (182).jpg,bacterial_leaf_blight,bacterial_leaf_blight,0.9794241
Rice_Leaf_Diease/Rice_Leaf_Diease/test/bacterial_leaf_blight/bacterial_leaf_blight (183).jpg,bacterial_leaf_blight,bacterial_leaf_blight,0.97424805
Rice_Leaf_Diease/Rice_Leaf_Diease/test/bacterial_leaf_blight/bacterial_leaf_blight (184).jpg,bacterial_leaf_blight,bacterial_leaf_blight,0.9882031
Rice_Leaf_Diease/Rice_Leaf_Diease/test/bacterial_leaf_blight/bacterial_leaf_blight (185).JPG,bacterial_leaf_blight,bacterial_leaf_blight,0.9666187
Rice_Leaf_Diease/Rice_Leaf_Diease/test/bacterial_leaf_blight/bacterial_leaf_blight (186).jpg,bacterial_leaf_blight,bacterial_leaf_blight,0.9654043
Rice_Leaf_Diease/Rice_Leaf_Diease/test/bacterial_leaf_blight/bacterial_leaf_blight (187).JPG,bacterial_leaf_blight,bacterial_leaf_blight,0.99201477
Rice_Leaf_Diease/Rice_Leaf_Diease/test/bacterial_leaf_blight/bacterial_leaf_blight (188).jpg,bacterial_leaf_blight,bacterial_leaf_blight,0.97590655
Rice_Leaf_Diease/Rice_Leaf_Diease/test/bacterial_leaf_blight/bacterial_leaf_blight (189).JPG,bacterial_leaf_blight,bacterial_leaf_blight,0.97436154
Rice_Leaf_Diease/Rice_Leaf_Diease/test/bacterial_leaf_blight/bacterial_leaf_blight (19).JPG,bacterial_leaf_blight,bacterial_leaf_blight,0.98271793
Rice_Leaf_Diease/Rice_Leaf_Diease/test/bacterial_leaf_blight/bacterial_leaf_blight (190).JPG,bacterial_leaf_blight,bacterial_leaf_blight,0.9762354
Rice_Leaf_Diease/Rice_Leaf_Diease/test/bacterial_leaf_blight/bacterial_leaf_blight (191).jpg,bacterial_leaf_blight,bacterial_leaf_blight,0.95422745
Rice_Leaf_Diease/Rice_Leaf_Diease/test/bacterial_leaf_blight/bacterial_leaf_blight (192).JPG,bacterial_leaf_blight,bacterial_leaf_blight,0.9855569
Rice_Leaf_Diease/Rice_Leaf_Diease/test/bacterial_leaf_blight/bacterial_leaf_blight (193).jpg,bacterial_leaf_blight,bacterial_leaf_blight,0.94347566
Rice_Leaf_Diease/Rice_Leaf_Diease/test/bacterial_leaf_blight/bacterial_leaf_blight (194).JPG,bacterial_leaf_blight,bacterial_leaf_blight,0.9496078
Rice_Leaf_Diease/Rice_Leaf_Diease/test/bacterial_leaf_blight/bacterial_leaf_blight (195).jpg,bacterial_leaf_blight,bacterial_leaf_blight,0.98543614
Rice_Leaf_Diease/Rice_Leaf_Diease/test/bacterial_leaf_blight/bacterial_leaf_blight (196).jpg,bacterial_leaf_blight,bacterial_leaf_blight,0.9764715
Rice_Leaf_Diease/Rice_Leaf_Diease/test/bacterial_leaf_blight/bacterial_leaf_blight (197).jpg,bacterial_leaf_blight,bacterial_leaf_blight,0.9697777
Rice_Leaf_Diease/Rice_Leaf_Diease/test/bacterial_leaf_blight/bacterial_leaf_blight (198).JPG,bacterial_leaf_blight,bacterial_leaf_blight,0.9681142
Rice_Leaf_Diease/Rice_Leaf_Diease/test/bacterial_leaf_blight/bacterial_leaf_blight (199).jpg,bacterial_leaf_blight,bacterial_leaf_blight,0.9876533
Rice_Leaf_Diease/Rice_Leaf_Diease/test/bacterial_leaf_blight/bacterial_leaf_blight (2).JPG,bacterial_leaf_blight,bacterial_leaf_blight,0.9798798
Rice_Leaf_Diease/Rice_Leaf_Diease/test/bacterial_leaf_blight/bacterial_leaf_blight (20).JPG,bacterial_leaf_blight,bacterial_leaf_blight,0.9802332
Rice_Leaf_Diease/Rice_Leaf_Diease/test/bacterial_leaf_blight/bacterial_leaf_blight (200).JPG,bacterial_leaf_blight,bacterial_leaf_blight,0.95499563
Rice_Leaf_Diease/Rice_Leaf_Diease/test/bacterial_leaf_blight/bacterial_leaf_blight (201).JPG,bacterial_leaf_blight,bacterial_leaf_blight,0.95711887
Rice_Leaf_Diease/Rice_Leaf_Diease/test/bacterial_leaf_blight/bacterial_leaf_blight (202).JPG,bacterial_leaf_blight,bacterial_leaf_blight,0.9720928
Rice_Leaf_Diease/Rice_Leaf_Diease/test/bacterial_leaf_blight/bacterial_leaf_blight (203).JPG,bacterial_leaf_blight,bacterial_leaf_blight,0.9604856
Rice_Leaf_Diease/Rice_Leaf_Diease/test/bacterial_leaf_blight/bacterial_leaf_blight (204).JPG,bacterial_leaf_blight,bacterial_leaf_blight,0.9676623
Rice_Leaf_Diease/Rice_Leaf_Diease/test/bacterial_leaf_blight/bacterial_leaf_blight (205).JPG,bacterial_leaf_blight,bacterial_leaf_blight,0.986889
Rice_Leaf_Diease/Rice_Leaf_Diease/test/bacterial_leaf_blight/bacterial_leaf_blight (206).JPG,bacterial_leaf_blight,bacterial_leaf_blight,0.981279
Rice_Leaf_Diease/Rice_Leaf_Diease/test/bacterial_leaf_blight/bacterial_leaf_blight (207).JPG,bacterial_leaf_blight,bacterial_leaf_blight,0.97366476
Rice_Leaf_Diease/Rice_Leaf_Diease/test/bacterial_leaf_blight/bacterial_leaf_blight (208).jpg,bacterial_leaf_blight,bacterial_leaf_blight,0.9826232
Rice_Leaf_Diease/Rice_Leaf_Diease/test/bacterial_leaf_blight/bacterial_leaf_blight (209).JPG,bacterial_leaf_blight,bacterial_leaf_blight,0.9762591
Rice_Leaf_Diease/Rice_Leaf_Diease/test/bacterial_leaf_blight/bacterial_leaf_blight (21).JPG,bacterial_leaf_blight,bacterial_leaf_blight,0.96971333
Rice_Leaf_Diease/Rice_Leaf_Diease/test/bacterial_leaf_blight/bacterial_leaf_blight (210).jpg,bacterial_leaf_blight,bacterial_leaf_blight,0.96300906
Rice_Leaf_Diease/Rice_Leaf_Diease/test/bacterial_leaf_blight/bacterial_leaf_blight (211).JPG,bacterial_leaf_blight,bacterial_leaf_blight,0.99013746
Rice_Leaf_Diease/Rice_Leaf_Diease/test/bacterial_leaf_blight/bacterial_leaf_blight (212).jpg,bacterial_leaf_blight,bacterial_leaf_blight,0.9659506
Rice_Leaf_Diease/Rice_Leaf_Diease/test/bacterial_leaf_blight/bacterial_leaf_blight (213).JPG,bacterial_leaf_blight,bacterial_leaf_blight,0.96425855
Rice_Leaf_Diease/Rice_Leaf_Diease/test/bacterial_leaf_blight/bacterial_leaf_blight (214).JPG,bacterial_leaf_blight,bacterial_leaf_blight,0.9633986
Rice_Leaf_Diease/Rice_Leaf_Diease/test/bacterial_leaf_blight/bacterial_leaf_blight (215).JPG,bacterial_leaf_blight,bacterial_leaf_blight,0.9685931
Rice_Leaf_Diease/Rice_Leaf_Diease/test/bacterial_leaf_blight/bacterial_leaf_blight (216).JPG,bacterial_leaf_blight,bacterial_leaf_blight,0.9757631
Rice_Leaf_Diease/Rice_Leaf_Diease/test/bacterial_leaf_blight/bacterial_leaf_blight (217).JPG,bacterial_leaf_blight,bacterial_leaf_blight,0.9509426
Rice_Leaf_Diease/Rice_Leaf_Diease/test/bacterial_leaf_blight/bacterial_leaf_blight (218).JPG,bacterial_leaf_blight,bacterial_leaf_blight,0.9664649
Rice_Leaf_Diease/Rice_Leaf_Diease/test/bacterial_leaf_blight/bacterial_leaf_blight (219).JPG,bacterial_leaf_blight,bacterial_leaf_blight,0.96592504
Rice_Leaf_Diease/Rice_Leaf_Diease/test/bacterial_leaf_blight/bacterial_leaf_blight (22).JPG,bacterial_leaf_blight,bacterial_leaf_blight,0.96805435
Rice_Leaf_Diease/Rice_Leaf_Diease/test/bacterial_leaf_blight/bacterial_leaf_blight (220).jpg,bacterial_leaf_blight,bacterial_leaf_blight,0.96705395
Rice_Leaf_Diease/Rice_Leaf_Diease/test/bacterial_leaf_blight/bacterial_leaf_blight (221).JPG,bacterial_leaf_blight,bacterial_leaf_blight,0.9796672
Rice_Leaf_Diease/Rice_Leaf_Diease/test/bacterial_leaf_blight/bacterial_leaf_blight (222).JPG,bacterial_leaf_blight,bacterial_leaf_blight,0.9456652
Rice_Leaf_Diease/Rice_Leaf_Diease/test/bacterial_leaf_blight/bacterial_leaf_blight (223).jpg,bacterial_leaf_blight,bacterial_leaf_blight,0.98404443
Rice_Leaf_Diease/Rice_Leaf_Diease/test/bacterial_leaf_blight/bacterial_leaf_blight (224).jpg,bacterial_leaf_blight,bacterial_leaf_blight,0.9749912
Rice_Leaf_Diease/Rice_Leaf_Diease/test/bacterial_leaf_blight/bacterial_leaf_blight (225).JPG,bacterial_leaf_blight,bacterial_leaf_blight,0.9753916
Rice_Leaf_Diease/Rice_Leaf_Diease/test/bacterial_leaf_blight/bacterial_leaf_blight (226).jpg,bacterial_leaf_blight,bacterial_leaf_blight,0.98461074
Rice_Leaf_Diease/Rice_Leaf_Diease/test/bacterial_leaf_blight/bacterial_leaf_blight (227).jpg,bacterial_leaf_blight,bacterial_leaf_blight,0.9912273
Rice_Leaf_Diease/Rice_Leaf_Diease/test/bacterial_leaf_blight/bacterial_leaf_blight (228).JPG,bacterial_leaf_blight,bacterial_leaf_blight,0.95015866
Rice_Leaf_Diease/Rice_Leaf_Diease/test/bacterial_leaf_blight/bacterial_leaf_blight (229).JPG,bacterial_leaf_blight,bacterial_leaf_blight,0.97215533
Rice_Leaf_Diease/Rice_Leaf_Diease/test/bacterial_leaf_blight/bacterial_leaf_blight (23).JPG,bacterial_leaf_blight,bacterial_leaf_blight,0.98206115
Rice_Leaf_Diease/Rice_Leaf_Diease/test/bacterial_leaf_blight/bacterial_leaf_blight (230).JPG,bacterial_leaf_blight,bacterial_leaf_blight,0.9762137
Rice_Leaf_Diease/Rice_Leaf_Diease/test/bacterial_leaf_blight/bacterial_leaf_blight (231).JPG,bacterial_leaf_blight,bacterial_leaf_blight,0.9846622
Rice_Leaf_Diease/Rice_Leaf_Diease/test/bacterial_leaf_blight/bacterial_leaf_blight (232).JPG,bacterial_leaf_blight,bacterial_leaf_blight,0.98106855
Rice_Leaf_Diease/Rice_Leaf_Diease/test/bacterial_leaf_blight/bacterial_leaf_blight (233).JPG,bacterial_leaf_blight,bacterial_leaf_blight,0.9817925
Rice_Leaf_Diease/Rice_Leaf_Diease/test/bacterial_leaf_blight/bacterial_leaf_blight (234).JPG,bacterial_leaf_blight,bacterial_leaf_blight,0.98791957
Rice_Leaf_Diease/Rice_Leaf_Diease/test/bacterial_leaf_blight/bacterial_leaf_blight (235).JPG,bacterial_leaf_blight,bacterial_leaf_blight,0.97506726
Rice_Leaf_Diease/Rice_Leaf_Diease/test/bacterial_leaf_blight/bacterial_leaf_blight (236).JPG,bacterial_leaf_blight,bacterial_leaf_blight,0.97595304
Rice_Leaf_Diease/Rice_Leaf_Diease/test/bacterial_leaf_blight/bacterial_leaf_blight (237).JPG,bacterial_leaf_blight,bacterial_leaf_blight,0.9756816
Rice_Leaf_Diease/Rice_Leaf_Diease/test/bacterial_leaf_blight/bacterial_leaf_blight (238).JPG,bacterial_leaf_blight,bacterial_leaf_blight,0.98135126
Rice_Leaf_Diease/Rice_Leaf_Diease/test/bacterial_leaf_blight/bacterial_leaf_blight (239).JPG,bacterial_leaf_blight,bacterial_leaf_blight,0.9736989
Rice_Leaf_Diease/Rice_Leaf_Diease/test/bacterial_leaf_blight/bacterial_leaf_blight (24).jpg,bacterial_leaf_blight,bacterial_leaf_blight,0.98464704
Rice_Leaf_Diease/Rice_Leaf_Diease/test/bacterial_leaf_blight/bacterial_leaf_blight (240).JPG,bacterial_leaf_blight,bacterial_leaf_blight,0.95395577
Rice_Leaf_Diease/Rice_Leaf_Diease/test/bacterial_leaf_blight/bacterial_leaf_blight (241).JPG,bacterial_leaf_blight,bacterial_leaf_blight,0.97707206
Rice_Leaf_Diease/Rice_Leaf_Diease/test/bacterial_leaf_blight/bacterial_leaf_blight (242).JPG,bacterial_leaf_blight,bacterial_leaf_blight,0.9510993
Rice_Leaf_Diease/Rice_Leaf_Diease/test/bacterial_leaf_blight/bacterial_leaf_blight (243).JPG,bacterial_leaf_blight,bacterial_leaf_blight,0.9800055
Rice_Leaf_Diease/Rice_Leaf_Diease/test/bacterial_leaf_blight/bacterial_leaf_blight (244).JPG,bacterial_leaf_blight,bacterial_leaf_blight,0.95816815
Rice_Leaf_Diease/Rice_Leaf_Diease/test/bacterial_leaf_blight/bacterial_leaf_blight (245).JPG,bacterial_leaf_blight,bacterial_leaf_blight,0.9683184
Rice_Leaf_Diease/Rice_Leaf_Diease/test/bacterial_leaf_blight/bacterial_leaf_blight (246).JPG,bacterial_leaf_blight,bacterial_leaf_blight,0.9784687
Rice_Leaf_Diease/Rice_Leaf_Diease/test/bacterial_leaf_blight/bacterial_leaf_blight (247).JPG,bacterial_leaf_blight,bacterial_leaf_blight,0.986615
Rice_Leaf_Diease/Rice_Leaf_Diease/test/bacterial_leaf_blight/bacterial_leaf_blight (248).JPG,bacterial_leaf_blight,bacterial_leaf_blight,0.97862774
Rice_Leaf_Diease/Rice_Leaf_Diease/test/bacterial_leaf_blight/bacterial_leaf_blight (249).JPG,bacterial_leaf_blight,bacterial_leaf_blight,0.9702401
Rice_Leaf_Diease/Rice_Leaf_Diease/test/bacterial_leaf_blight/bacterial_leaf_blight (25).JPG,bacterial_leaf_blight,bacterial_leaf_blight,0.97090536
Rice_Leaf_Diease/Rice_Leaf_Diease/test/bacterial_leaf_blight/bacterial_leaf_blight (250).JPG,bacterial_leaf_blight,bacterial_leaf_blight,0.97657144
Rice_Leaf_Diease/Rice_Leaf_Diease/test/bacterial_leaf_blight/bacterial_leaf_blight (251).JPG,bacterial_leaf_blight,bacterial_leaf_blight,0.9773586
Rice_Leaf_Diease/Rice_Leaf_Diease/test/bacterial_leaf_blight/bacterial_leaf_blight (252).JPG,bacterial_leaf_blight,bacterial_leaf_blight,0.9753925
Rice_Leaf_Diease/Rice_Leaf_Diease/test/bacterial_leaf_blight/bacterial_leaf_blight (253).JPG,bacterial_leaf_blight,bacterial_leaf_blight,0.9747239
Rice_Leaf_Diease/Rice_Leaf_Diease/test/bacterial_leaf_blight/bacterial_leaf_blight (254).JPG,bacterial_leaf_blight,bacterial_leaf_blight,0.9718695
Rice_Leaf_Diease/Rice_Leaf_Diease/test/bacterial_leaf_blight/bacterial_leaf_blight (255).JPG,bacterial_leaf_blight,bacterial_leaf_blight,0.9742852
Rice_Leaf_Diease/Rice_Leaf_Diease/test/bacterial_leaf_blight/bacterial_leaf_blight (256).JPG,bacterial_leaf_blight,bacterial_leaf_blight,0.9726333
Rice_Leaf_Diease/Rice_Leaf_Diease/test/bacterial_leaf_blight/bacterial_leaf_blight (257).JPG,bacterial_leaf_blight,bacterial_leaf_blight,0.96549046
Rice_Leaf_Diease/Rice_Leaf_Diease/test/bacterial_leaf_blight/bacterial_leaf_blight (258).JPG,bacterial_leaf_blight,bacterial_leaf_blight,0.9834794
Rice_Leaf_Diease/Rice_Leaf_Diease/test/bacterial_leaf_blight/bacterial_leaf_blight (259).JPG,bacterial_leaf_blight,bacterial_leaf_blight,0.96894115
Rice_Leaf_Diease/Rice_Leaf_Diease/test/bacterial_leaf_blight/bacterial_leaf_blight (26).JPG,bacterial_leaf_blight,bacterial_leaf_blight,0.9760625
Rice_Leaf_Diease/Rice_Leaf_Diease/test/bacterial_leaf_blight/bacterial_leaf_blight (260).JPG,bacterial_leaf_blight,bacterial_leaf_blight,0.9843774
Rice_Leaf_Diease/Rice_Leaf_Diease/test/bacterial_leaf_blight/bacterial_leaf_blight (261).JPG,bacterial_leaf_blight,bacterial_leaf_blight,0.97970486
Rice_Leaf_Diease/Rice_Leaf_Diease/test/bacterial_leaf_blight/bacterial_leaf_blight (262).JPG,bacterial_leaf_blight,bacterial_leaf_blight,0.9823521
Rice_Leaf_Diease/Rice_Leaf_Diease/test/bacterial_leaf_blight/bacterial_leaf_blight (263).JPG,bacterial_leaf_blight,bacterial_leaf_blight,0.9795929
Rice_Leaf_Diease/Rice_Leaf_Diease/test/bacterial_leaf_blight/bacterial_leaf_blight (264).JPG,bacterial_leaf_blight,bacterial_leaf_blight,0.97604513
Rice_Leaf_Diease/Rice_Leaf_Diease/test/bacterial_leaf_blight/bacterial_leaf_blight (265).JPG,bacterial_leaf_blight,bacterial_leaf_blight,0.97373873
Rice_Leaf_Diease/Rice_Leaf_Diease/test/bacterial_leaf_blight/bacterial_leaf_blight (266).JPG,bacterial_leaf_blight,bacterial_leaf_blight,0.9809672
Rice_Leaf_Diease/Rice_Leaf_Diease/test/bacterial_leaf_blight/bacterial_leaf_blight (267).JPG,bacterial_leaf_blight,bacterial_leaf_blight,0.9857551
Rice_Leaf_Diease/Rice_Leaf_Diease/test/bacterial_leaf_blight/bacterial_leaf_blight (268).JPG,bacterial_leaf_blight,bacterial_leaf_blight,0.9742843
Rice_Leaf_Diease/Rice_Leaf_Diease/test/bacterial_leaf_blight/bacterial_leaf_blight (269).JPG,bacterial_leaf_blight,bacterial_leaf_blight,0.9766633
Rice_Leaf_Diease/Rice_Leaf_Diease/test/bacterial_leaf_blight/bacterial_leaf_blight (27).JPG,bacterial_leaf_blight,bacterial_leaf_blight,0.96995497
Rice_Leaf_Diease/Rice_Leaf_Diease/test/bacterial_leaf_blight/bacterial_leaf_blight (270).JPG,bacterial_leaf_blight,bacterial_leaf_blight,0.97369295
Rice_Leaf_Diease/Rice_Leaf_Diease/test/bacterial_leaf_blight/bacterial_leaf_blight (271).jpg,bacterial_leaf_blight,bacterial_leaf_blight,0.9638739
Rice_Leaf_Diease/Rice_Leaf_Diease/test/bacterial_leaf_blight/bacterial_leaf_blight (272).JPG,bacterial_leaf_blight,bacterial_leaf_blight,0.9790397
Rice_Leaf_Diease/Rice_Leaf_Diease/test/bacterial_leaf_blight/bacterial_leaf_blight (273).JPG,bacterial_leaf_blight,bacterial_leaf_blight,0.98172104
Rice_Leaf_Diease/Rice_Leaf_Diease/test/bacterial_leaf_blight/bacterial_leaf_blight (274).JPG,bacterial_leaf_blight,bacterial_leaf_blight,0.980713
Rice_Leaf_Diease/Rice_Leaf_Diease/test/bacterial_leaf_blight/bacterial_leaf_blight (275).JPG,bacterial_leaf_blight,bacterial_leaf_blight,0.9758788
Rice_Leaf_Diease/Rice_Leaf_Diease/test/bacterial_leaf_blight/bacterial_leaf_blight (276).JPG,bacterial_leaf_blight,bacterial_leaf_blight,0.97366273
Rice_Leaf_Diease/Rice_Leaf_Diease/test/bacterial_leaf_blight/bacterial_leaf_blight (277).JPG,bacterial_leaf_blight,bacterial_leaf_blight,0.97969294
Rice_Leaf_Diease/Rice_Leaf_Diease/test/bacterial_leaf_blight/bacterial_leaf_blight (278).JPG,bacterial_leaf_blight,bacterial_leaf_blight,0.9783644
Rice_Leaf_Diease/Rice_Leaf_Diease/test/bacterial_leaf_blight/bacterial_leaf_blight (279).JPG,bacterial_leaf_blight,bacterial_leaf_blight,0.9831244
Rice_Leaf_Diease/Rice_Leaf_Diease/test/bacterial_leaf_blight/bacterial_leaf_blight (28).JPG,bacterial_leaf_blight,bacterial_leaf_blight,0.980045
Rice_Leaf_Diease/Rice_Leaf_Diease/test/bacterial_leaf_blight/bacterial_leaf_blight (280).jpg,bacterial_leaf_blight,bacterial_leaf_blight,0.99068916
Rice_Leaf_Diease/Rice_Leaf_Diease/test/bacterial_leaf_blight/bacterial_leaf_blight (281).JPG,bacterial_leaf_blight,bacterial_leaf_blight,0.9749107
Rice_Leaf_Diease/Rice_Leaf_Diease/test/bacterial_leaf_blight/bacterial_leaf_blight (282).JPG,bacterial_leaf_blight,bacterial_leaf_blight,0.98429996
Rice_Leaf_Diease/Rice_Leaf_Diease/test/bacterial_leaf_blight/bacterial_leaf_blight (283).JPG,bacterial_leaf_blight,bacterial_leaf_blight,0.95650846
Rice_Leaf_Diease/Rice_Leaf_Diease/test/bacterial_leaf_blight/bacterial_leaf_blight (284).JPG,bacterial_leaf_blight,bacterial_leaf_blight,0.98251003
Rice_Leaf_Diease/Rice_Leaf_Diease/test/bacterial_leaf_blight/bacterial_leaf_blight (285).JPG,bacterial_leaf_blight,bacterial_leaf_blight,0.9801482
Rice_Leaf_Diease/Rice_Leaf_Diease/test/bacterial_leaf_blight/bacterial_leaf_blight (286).JPG,bacterial_leaf_blight,bacterial_leaf_blight,0.9709272
Rice_Leaf_Diease/Rice_Leaf_Diease/test/bacterial_leaf_blight/bacterial_leaf_blight (287).JPG,bacterial_leaf_blight,bacterial_leaf_blight,0.962682
Rice_Leaf_Diease/Rice_Leaf_Diease/test/bacterial_leaf_blight/bacterial_leaf_blight (288).JPG,bacterial_leaf_blight,bacterial_leaf_blight,0.9690233
Rice_Leaf_Diease/Rice_Leaf_Diease/test/bacterial_leaf_blight/bacterial_leaf_blight (289).JPG,bacterial_leaf_blight,bacterial_leaf_blight,0.97982234
Rice_Leaf_Diease/Rice_Leaf_Diease/test/bacterial_leaf_blight/bacterial_leaf_blight (29).JPG,bacterial_leaf_blight,bacterial_leaf_blight,0.97228086
Rice_Leaf_Diease/Rice_Leaf_Diease/test/bacterial_leaf_blight/bacterial_leaf_blight (290).JPG,bacterial_leaf_blight,bacterial_leaf_blight,0.97162163
Rice_Leaf_Diease/Rice_Leaf_Diease/test/bacterial_leaf_blight/bacterial_leaf_blight (291).JPG,bacterial_leaf_blight,bacterial_leaf_blight,0.9821116
Rice_Leaf_Diease/Rice_Leaf_Diease/test/bacterial_leaf_blight/bacterial_leaf_blight (292).jpg,bacterial_leaf_blight,bacterial_leaf_blight,0.9493671
Rice_Leaf_Diease/Rice_Leaf_Diease/test/bacterial_leaf_blight/bacterial_leaf_blight (293).JPG,bacterial_leaf_blight,bacterial_leaf_blight,0.9896376
Rice_Leaf_Diease/Rice_Leaf_Diease/test/bacterial_leaf_blight/bacterial_leaf_blight (294).JPG,bacterial_leaf_blight,bacterial_leaf_blight,0.9924118
Rice_Leaf_Diease/Rice_Leaf_Diease/test/bacterial_leaf_blight/bacterial_leaf_blight (295).JPG,bacterial_leaf_blight,bacterial_leaf_blight,0.9694388
Rice_Leaf_Diease/Rice_Leaf_Diease/test/bacterial_leaf_blight/bacterial_leaf_blight (296).JPG,bacterial_leaf_blight,bacterial_leaf_blight,0.96901
Rice_Leaf_Diease/Rice_Leaf_Diease/test/bacterial_leaf_blight/bacterial_leaf_blight (297).JPG,bacterial_leaf_blight,bacterial_leaf_blight,0.9806362
Rice_Leaf_Diease/Rice_Leaf_Diease/test/bacterial_leaf_blight/bacterial_leaf_blight (298).JPG,bacterial_leaf_blight,bacterial_leaf_blight,0.95548916
Rice_Leaf_Diease/Rice_Leaf_Diease/test/bacterial_leaf_blight/bacterial_leaf_blight (299).jpg,bacterial_leaf_blight,bacterial_leaf_blight,0.96525997
Rice_Leaf_Diease/Rice_Leaf_Diease/test/bacterial_leaf_blight/bacterial_leaf_blight (3).JPG,bacterial_leaf_blight,bacterial_leaf_blight,0.9911885
Rice_Leaf_Diease/Rice_Leaf_Diease/test/bacterial_leaf_blight/bacterial_leaf_blight (30).JPG,bacterial_leaf_blight,bacterial_leaf_blight,0.98071665
Rice_Leaf_Diease/Rice_Leaf_Diease/test/bacterial_leaf_blight/bacterial_leaf_blight (300).JPG,bacterial_leaf_blight,bacterial_leaf_blight,0.9738743
Rice_Leaf_Diease/Rice_Leaf_Diease/test/bacterial_leaf_blight/bacterial_leaf_blight (301).JPG,bacterial_leaf_blight,bacterial_leaf_blight,0.9343155
Rice_Leaf_Diease/Rice_Leaf_Diease/test/bacterial_leaf_blight/bacterial_leaf_blight (302).jpg,bacterial_leaf_blight,bacterial_leaf_blight,0.9990152
Rice_Leaf_Diease/Rice_Leaf_Diease/test/bacterial_leaf_blight/bacterial_leaf_blight (303).jpg,bacterial_leaf_blight,bacterial_leaf_blight,0.9805542
Rice_Leaf_Diease/Rice_Leaf_Diease/test/bacterial_leaf_blight/bacterial_leaf_blight (304).jpg,bacterial_leaf_blight,bacterial_leaf_blight,0.973486
Rice_Leaf_Diease/Rice_Leaf_Diease/test/bacterial_leaf_blight/bacterial_leaf_blight (305).JPG,bacterial_leaf_blight,bacterial_leaf_blight,0.9703911
Rice_Leaf_Diease/Rice_Leaf_Diease/test/bacterial_leaf_blight/bacterial_leaf_blight (306).JPG,bacterial_leaf_blight,bacterial_leaf_blight,0.97464186
Rice_Leaf_Diease/Rice_Leaf_Diease/test/bacterial_leaf_blight/bacterial_leaf_blight (307).JPG,bacterial_leaf_blight,bacterial_leaf_blight,0.97414285
Rice_Leaf_Diease/Rice_Leaf_Diease/test/bacterial_leaf_blight/bacterial_leaf_blight (308).JPG,bacterial_leaf_blight,bacterial_leaf_blight,0.9856065
Rice_Leaf_Diease/Rice_Leaf_Diease/test/bacterial_leaf_blight/bacterial_leaf_blight (309).JPG,bacterial_leaf_blight,bacterial_leaf_blight,0.959092
Rice_Leaf_Diease/Rice_Leaf_Diease/test/bacterial_leaf_blight/bacterial_leaf_blight (31).JPG,bacterial_leaf_blight,bacterial_leaf_blight,0.98079866
Rice_Leaf_Diease/Rice_Leaf_Diease/test/bacterial_leaf_blight/bacterial_leaf_blight (310).JPG,bacterial_leaf_blight,bacterial_leaf_blight,0.9734755
Rice_Leaf_Diease/Rice_Leaf_Diease/test/bacterial_leaf_blight/bacterial_leaf_blight (311).JPG,bacterial_leaf_blight,bacterial_leaf_blight,0.9763541
Rice_Leaf_Diease/Rice_Leaf_Diease/test/bacterial_leaf_blight/bacterial_leaf_blight (312).JPG,bacterial_leaf_blight,bacterial_leaf_blight,0.90622985
Rice_Leaf_Diease/Rice_Leaf_Diease/test/bacterial_leaf_blight/bacterial_leaf_blight (313).JPG,bacterial_leaf_blight,bacterial_leaf_blight,0.9527582
Rice_Leaf_Diease/Rice_Leaf_Diease/test/bacterial_leaf_blight/bacterial_leaf_blight (314).JPG,bacterial_leaf_blight,bacterial_leaf_blight,0.9775619
Rice_Leaf_Diease/Rice_Leaf_Diease/test/bacterial_leaf_blight/bacterial_leaf_blight (315).JPG,bacterial_leaf_blight,bacterial_leaf_blight,0.98536545
Rice_Leaf_Diease/Rice_Leaf_Diease/test/bacterial_leaf_blight/bacterial_leaf_blight (316).JPG,bacterial_leaf_blight,bacterial_leaf_blight,0.9750148
Rice_Leaf_Diease/Rice_Leaf_Diease/test/bacterial_leaf_blight/bacterial_leaf_blight (32).JPG,bacterial_leaf_blight,bacterial_leaf_blight,0.97375757
Rice_Leaf_Diease/Rice_Leaf_Diease/test/bacterial_leaf_blight/bacterial_leaf_blight (320).JPG,bacterial_leaf_blight,bacterial_leaf_blight,0.9809006
Rice_Leaf_Diease/Rice_Leaf_Diease/test/bacterial_leaf_blight/bacterial_leaf_blight (321).JPG,bacterial_leaf_blight,bacterial_leaf_blight,0.9796809
Rice_Leaf_Diease/Rice_Leaf_Diease/test/bacterial_leaf_blight/bacterial_leaf_blight (322).JPG,bacterial_leaf_blight,bacterial_leaf_blight,0.97161597
Rice_Leaf_Diease/Rice_Leaf_Diease/test/bacterial_leaf_blight/bacterial_leaf_blight (324).JPG,bacterial_leaf_blight,bacterial_leaf_blight,0.97530377
Rice_Leaf_Diease/Rice_Leaf_Diease/test/bacterial_leaf_blight/bacterial_leaf_blight (327).JPG,bacterial_leaf_blight,bacterial_leaf_blight,0.94196343
Rice_Leaf_Diease/Rice_Leaf_Diease/test/bacterial_leaf_blight/bacterial_leaf_blight (328).JPG,bacterial_leaf_blight,bacterial_leaf_blight,0.9706373
Rice_Leaf_Diease/Rice_Leaf_Diease/test/bacterial_leaf_blight/bacterial_leaf_blight (33).jpg,bacterial_leaf_blight,bacterial_leaf_blight,0.9509621
Rice_Leaf_Diease/Rice_Leaf_Diease/test/bacterial_leaf_blight/bacterial_leaf_blight (34).jpg,bacterial_leaf_blight,bacterial_leaf_blight,0.93113136
Rice_Leaf_Diease/Rice_Leaf_Diease/test/bacterial_leaf_blight/bacterial_leaf_blight (342).JPG,bacterial_leaf_blight,bacterial_leaf_blight,0.9642299
Rice_Leaf_Diease/Rice_Leaf_Diease/test/bacterial_leaf_blight/bacterial_leaf_blight (35).JPG,bacterial_leaf_blight,bacterial_leaf_blight,0.9799111
Rice_Leaf_Diease/Rice_Leaf_Diease/test/bacterial_leaf_blight/bacterial_leaf_blight (350).JPG,bacterial_leaf_blight,bacterial_leaf_blight,0.9720077
Rice_Leaf_Diease/Rice_Leaf_Diease/test/bacterial_leaf_blight/bacterial_leaf_blight (36).JPG,bacterial_leaf_blight,bacterial_leaf_blight,0.98132586
Rice_Leaf_Diease/Rice_Leaf_Diease/test/bacterial_leaf_blight/bacterial_leaf_blight (37).JPG,bacterial_leaf_blight,bacterial_leaf_blight,0.9836099
Rice_Leaf_Diease/Rice_Leaf_Diease/test/bacterial_leaf_blight/bacterial_leaf_blight (38).JPG,bacterial_leaf_blight,bacterial_leaf_blight,0.9800019
Rice_Leaf_Diease/Rice_Leaf_Diease/test/bacterial_leaf_blight/bacterial_leaf_blight (39).JPG,bacterial_leaf_blight,bacterial_leaf_blight,0.98176277
Rice_Leaf_Diease/Rice_Leaf_Diease/test/bacterial_leaf_blight/bacterial_leaf_blight (40).JPG,bacterial_leaf_blight,bacterial_leaf_blight,0.9714617
Rice_Leaf_Diease/Rice_Leaf_Diease/test/bacterial_leaf_blight/bacterial_leaf_blight (41).JPG,bacterial_leaf_blight,bacterial_leaf_blight,0.9756041
Rice_Leaf_Diease/Rice_Leaf_Diease/test/bacterial_leaf_blight/bacterial_leaf_blight (42).JPG,bacterial_leaf_blight,bacterial_leaf_blight,0.9655636
Rice_Leaf_Diease/Rice_Leaf_Diease/test/bacterial_leaf_blight/bacterial_leaf_blight (43).JPG,bacterial_leaf_blight,bacterial_leaf_blight,0.978613
Rice_Leaf_Diease/Rice_Leaf_Diease/test/bacterial_leaf_blight/bacterial_leaf_blight (44).JPG,bacterial_leaf_blight,bacterial_leaf_blight,0.9814403
Rice_Leaf_Diease/Rice_Leaf_Diease/test/bacterial_leaf_blight/bacterial_leaf_blight (45).JPG,bacterial_leaf_blight,bacterial_leaf_blight,0.9750597
Rice_Leaf_Diease/Rice_Leaf_Diease/test/bacterial_leaf_blight/bacterial_leaf_blight (46).JPG,bacterial_leaf_blight,bacterial_leaf_blight,0.98556256
Rice_Leaf_Diease/Rice_Leaf_Diease/test/bacterial_leaf_blight/bacterial_leaf_blight (47).JPG,bacterial_leaf_blight,bacterial_leaf_blight,0.98532605
Rice_Leaf_Diease/Rice_Leaf_Diease/test/bacterial_leaf_blight/bacterial_leaf_blight (48).JPG,bacterial_leaf_blight,bacterial_leaf_blight,0.98166174
Rice_Leaf_Diease/Rice_Leaf_Diease/test/bacterial_leaf_blight/bacterial_leaf_blight (49).JPG,bacterial_leaf_blight,bacterial_leaf_blight,0.9820081
Rice_Leaf_Diease/Rice_Leaf_Diease/test/bacterial_leaf_blight/bacterial_leaf_blight (5).jpg,bacterial_leaf_blight,bacterial_leaf_blight,0.9888781
Rice_Leaf_Diease/Rice_Leaf_Diease/test/bacterial_leaf_blight/bacterial_leaf_blight (50).JPG,bacterial_leaf_blight,bacterial_leaf_blight,0.9872091
Rice_Leaf_Diease/Rice_Leaf_Diease/test/bacterial_leaf_blight/bacterial_leaf_blight (51).JPG,bacterial_leaf_blight,bacterial_leaf_blight,0.97098786
Rice_Leaf_Diease/Rice_Leaf_Diease/test/bacterial_leaf_blight/bacterial_leaf_blight (52).JPG,bacterial_leaf_blight,bacterial_leaf_blight,0.9846934
Rice_Leaf_Diease/Rice_Leaf_Diease/test/bacterial_leaf_blight/bacterial_leaf_blight (53).JPG,bacterial_leaf_blight,bacterial_leaf_blight,0.95843005
Rice_Leaf_Diease/Rice_Leaf_Diease/test/bacterial_leaf_blight/bacterial_leaf_blight (54).JPG,bacterial_leaf_blight,bacterial_leaf_blight,0.98407537
Rice_Leaf_Diease/Rice_Leaf_Diease/test/bacterial_leaf_blight/bacterial_leaf_blight (55).JPG,bacterial_leaf_blight,bacterial_leaf_blight,0.9784902
Rice_Leaf_Diease/Rice_Leaf_Diease/test/bacterial_leaf_blight/bacterial_leaf_blight (56).JPG,bacterial_leaf_blight,bacterial_leaf_blight,0.97913957
Rice_Leaf_Diease/Rice_Leaf_Diease/test/bacterial_leaf_blight/bacterial_leaf_blight (57).JPG,bacterial_leaf_blight,bacterial_leaf_blight,0.96497005
Rice_Leaf_Diease/Rice_Leaf_Diease/test/bacterial_leaf_blight/bacterial_leaf_blight (58).JPG,bacterial_leaf_blight,bacterial_leaf_blight,0.9783911
Rice_Leaf_Diease/Rice_Leaf_Diease/test/bacterial_leaf_blight/bacterial_leaf_blight (59).JPG,bacterial_leaf_blight,bacterial_leaf_blight,0.978214
Rice_Leaf_Diease/Rice_Leaf_Diease/test/bacterial_leaf_blight/bacterial_leaf_blight (60).JPG,bacterial_leaf_blight,bacterial_leaf_blight,0.9725801
Rice_Leaf_Diease/Rice_Leaf_Diease/test/bacterial_leaf_blight/bacterial_leaf_blight (61).JPG,bacterial_leaf_blight,bacterial_leaf_blight,0.9760901
Rice_Leaf_Diease/Rice_Leaf_Diease/test/bacterial_leaf_blight/bacterial_leaf_blight (62).JPG,bacterial_leaf_blight,bacterial_leaf_blight,0.9472871
Rice_Leaf_Diease/Rice_Leaf_Diease/test/bacterial_leaf_blight/bacterial_leaf_blight (63).JPG,bacterial_leaf_blight,bacterial_leaf_blight,0.96562594
Rice_Leaf_Diease/Rice_Leaf_Diease/test/bacterial_leaf_blight/bacterial_leaf_blight (64).JPG,bacterial_leaf_blight,bacterial_leaf_blight,0.99267477
Rice_Leaf_Diease/Rice_Leaf_Diease/test/bacterial_leaf_blight/bacterial_leaf_blight (65).JPG,bacterial_leaf_blight,bacterial_leaf_blight,0.97716653
Rice_Leaf_Diease/Rice_Leaf_Diease/test/bacterial_leaf_blight/bacterial_leaf_blight (66).JPG,bacterial_leaf_blight,bacterial_leaf_blight,0.9916734
Rice_Leaf_Diease/Rice_Leaf_Diease/test/bacterial_leaf_blight/bacterial_leaf_blight (67).JPG,bacterial_leaf_blight,bacterial_leaf_blight,0.9736406
Rice_Leaf_Diease/Rice_Leaf_Diease/test/bacterial_leaf_blight/bacterial_leaf_blight (72).JPG,bacterial_leaf_blight,bacterial_leaf_blight,0.96846396
Rice_Leaf_Diease/Rice_Leaf_Diease/test/bacterial_leaf_blight/bacterial_leaf_blight (74).JPG,bacterial_leaf_blight,bacterial_leaf_blight,0.9734927
Rice_Leaf_Diease/Rice_Leaf_Diease/test/bacterial_leaf_blight/bacterial_leaf_blight (76).jpg,bacterial_leaf_blight,bacterial_leaf_blight,0.9865313
Rice_Leaf_Diease/Rice_Leaf_Diease/test/bacterial_leaf_blight/bacterial_leaf_blight (8).JPG,bacterial_leaf_blight,bacterial_leaf_blight,0.95631254
Rice_Leaf_Diease/Rice_Leaf_Diease/test/bacterial_leaf_blight/bacterial_leaf_blight (82).JPG,bacterial_leaf_blight,bacterial_leaf_blight,0.9471918
Rice_Leaf_Diease/Rice_Leaf_Diease/test/bacterial_leaf_blight/bacterial_leaf_blight (87).JPG,bacterial_leaf_blight,bacterial_leaf_blight,0.97671515
Rice_Leaf_Diease/Rice_Leaf_Diease/test/bacterial_leaf_blight/bacterial_leaf_blight (9).JPG,bacterial_leaf_blight,bacterial_leaf_blight,0.9674846
Rice_Leaf_Diease/Rice_Leaf_Diease/test/bacterial_leaf_blight/bacterial_leaf_blight (92).JPG,bacterial_leaf_blight,bacterial_leaf_blight,0.97312206
Rice_Leaf_Diease/Rice_Leaf_Diease/test/bacterial_leaf_blight/bacterial_leaf_blight (97).JPG,bacterial_leaf_blight,bacterial_leaf_blight,0.97304815
Rice_Leaf_Diease/Rice_Leaf_Diease/test/bacterial_leaf_blight/bacterial_leaf_blight (99).JPG,bacterial_leaf_blight,bacterial_leaf_blight,0.9820343
Rice_Leaf_Diease/Rice_Leaf_Diease/test/bacterial_leaf_blight/BACTERIALBLIGHT2_079.JPG,bacterial_leaf_blight,bacterial_leaf_blight,0.9924541
Rice_Leaf_Diease/Rice_Leaf_Diease/test/bacterial_leaf_blight/BACTERIALBLIGHT2_081.JPG,bacterial_leaf_blight,bacterial_leaf_blight,0.9980848
Rice_Leaf_Diease/Rice_Leaf_Diease/test/bacterial_leaf_blight/BACTERIALBLIGHT2_082.jpg,bacterial_leaf_blight,bacterial_leaf_blight,0.9818649
Rice_Leaf_Diease/Rice_Leaf_Diease/test/bacterial_leaf_blight/BACTERIALBLIGHT2_083.jpg,bacterial_leaf_blight,bacterial_leaf_blight,0.9969928
Rice_Leaf_Diease/Rice_Leaf_Diease/test/bacterial_leaf_blight/BACTERIALBLIGHT2_084.jpg,bacterial_leaf_blight,bacterial_leaf_blight,0.9896124
Rice_Leaf_Diease/Rice_Leaf_Diease/test/bacterial_leaf_blight/BACTERIALBLIGHT2_094.jpg,bacterial_leaf_blight,bacterial_leaf_blight,0.99428385
Rice_Leaf_Diease/Rice_Leaf_Diease/test/bacterial_leaf_blight/BACTERIALBLIGHT2_100.jpg,bacterial_leaf_blight,bacterial_leaf_blight,0.99218327
Rice_Leaf_Diease/Rice_Leaf_Diease/test/bacterial_leaf_blight/BACTERIALBLIGHT2_109.JPG,bacterial_leaf_blight,bacterial_leaf_blight,0.99633175
Rice_Leaf_Diease/Rice_Leaf_Diease/test/bacterial_leaf_blight/BACTERIALBLIGHT2_110.JPG,bacterial_leaf_blight,bacterial_leaf_blight,0.9981293
Rice_Leaf_Diease/Rice_Leaf_Diease/test/bacterial_leaf_blight/BACTERIALBLIGHT2_169.jpg,bacterial_leaf_blight,bacterial_leaf_blight,0.99898475
Rice_Leaf_Diease/Rice_Leaf_Diease/test/bacterial_leaf_blight/BACTERIALBLIGHT2_170.jpg,bacterial_leaf_blight,bacterial_leaf_blight,0.99571264
Rice_Leaf_Diease/Rice_Leaf_Diease/test/bacterial_leaf_blight/BACTERIALBLIGHT2_178.jpg,bacterial_leaf_blight,bacterial_leaf_blight,0.96455896
Rice_Leaf_Diease/Rice_Leaf_Diease/test/bacterial_leaf_blight/BACTERIALBLIGHT2_179.JPG,bacterial_leaf_blight,bacterial_leaf_blight,0.9996728
Rice_Leaf_Diease/Rice_Leaf_Diease/test/bacterial_leaf_blight/BACTERIALBLIGHT2_190.jpg,bacterial_leaf_blight,bacterial_leaf_blight,0.9972519
Rice_Leaf_Diease/Rice_Leaf_Diease/test/bacterial_leaf_blight/BACTERIALBLIGHT2_191.jpg,bacterial_leaf_blight,bacterial_leaf_blight,0.8429236
Rice_Leaf_Diease/Rice_Leaf_Diease/test/bacterial_leaf_blight/BACTERIALBLIGHT2_192.jpg,bacterial_leaf_blight,bacterial_leaf_blight,0.9872874
Rice_Leaf_Diease/Rice_Leaf_Diease/test/bacterial_leaf_blight/download (1).jpeg,bacterial_leaf_blight,bacterial_leaf_blight,0.9981824
Rice_Leaf_Diease/Rice_Leaf_Diease/test/bacterial_leaf_blight/download.jpeg,bacterial_leaf_blight,bacterial_leaf_blight,0.9990495
Rice_Leaf_Diease/Rice_Leaf_Diease/test/bacterial_leaf_blight/Symptoms-of-bacterial-leaf-blight-disease-in-rice-caused-by-Xanthomonas-oryzae-pv.png,bacterial_leaf_blight,bacterial_leaf_blight,0.9820311
Rice_Leaf_Diease/Rice_Leaf_Diease/test/brown_spot/20231006_165551(0).jpg,brown_spot,brown_spot,0.7210611
Rice_Leaf_Diease/Rice_Leaf_Diease/test/brown_spot/20231006_165551.jpg,brown_spot,brown_spot,0.68741804
Rice_Leaf_Diease/Rice_Leaf_Diease/test/brown_spot/20231006_165616.jpg,brown_spot,brown_spot,0.9616013
Rice_Leaf_Diease/Rice_Leaf_Diease/test/brown_spot/20231006_165801(0).jpg,brown_spot,brown_spot,0.82039124
Rice_Leaf_Diease/Rice_Leaf_Diease/test/brown_spot/20231006_165801.jpg,brown_spot,brown_spot,0.8240325
Rice_Leaf_Diease/Rice_Leaf_Diease/test/brown_spot/brown_spot (1).jpg,brown_spot,brown_spot,0.94839
Rice_Leaf_Diease/Rice_Leaf_Diease/test/brown_spot/brown_spot (10).jpg,brown_spot,brown_spot,0.96783006
Rice_Leaf_Diease/Rice_Leaf_Diease/test/brown_spot/brown_spot (100).JPG,brown_spot,brown_spot,0.8894061
Rice_Leaf_Diease/Rice_Leaf_Diease/test/brown_spot/brown_spot (101).jpg,brown_spot,brown_spot,0.8347936
Rice_Leaf_Diease/Rice_Leaf_Diease/test/brown_spot/brown_spot (102).jpg,brown_spot,brown_spot,0.97639334
Rice_Leaf_Diease/Rice_Leaf_Diease/test/brown_spot/brown_spot (103).jpg,brown_spot,brown_spot,0.9671856
Rice_Leaf_Diease/Rice_Leaf_Diease/test/brown_spot/brown_spot (104).jpg,brown_spot,brown_spot,0.9314777
Rice_Leaf_Diease/Rice_Leaf_Diease/test/brown_spot/brown_spot (105).jpg,brown_spot,brown_spot,0.8700221
Rice_Leaf_Diease/Rice_Leaf_Diease/test/brown_spot/brown_spot (106).jpg,brown_spot,brown_spot,0.8535405
Rice_Leaf_Diease/Rice_Leaf_Diease/test/brown_spot/brown_spot (107).jpg,brown_spot,rice_blast,0.69802725
Rice_Leaf_Diease/Rice_Leaf_Diease/test/brown_spot/brown_spot (108).jpg,brown_spot,rice_blast,0.9041232
Rice_Leaf_Diease/Rice_Leaf_Diease/test/brown_spot/brown_spot (109).jpg,brown_spot,brown_spot,0.59769714
Rice_Leaf_Diease/Rice_Leaf_Diease/test/brown_spot/brown_spot (11).jpg,brown_spot,brown_spot,0.9704697
Rice_Leaf_Diease/Rice_Leaf_Diease/test/brown_spot/brown_spot (110).jpg,brown_spot,brown_spot,0.98780817
Rice_Leaf_Diease/Rice_Leaf_Diease/test/brown_spot/brown_spot (111).jpg,brown_spot,brown_spot,0.8937119
Rice_Leaf_Diease/Rice_Leaf_Diease/test/brown_spot/brown_spot (112).jpg,brown_spot,brown_spot,0.77527463
Rice_Leaf_Diease/Rice_Leaf_Diease/test/brown_spot/brown_spot (113).jpg,brown_spot,brown_spot,0.8945065
Rice_Leaf_Diease/Rice_Leaf_Diease/test/brown_spot/brown_spot (114).jpg,brown_spot,brown_spot,0.9222934
Rice_Leaf_Diease/Rice_Leaf_Diease/test/brown_spot/brown_spot (115).jpg,brown_spot,brown_spot,0.82019633
Rice_Leaf_Diease/Rice_Leaf_Diease/test/brown_spot/brown_spot (116).jpg,brown_spot,brown_spot,0.72729754
Rice_Leaf_Diease/Rice_Leaf_Diease/test/brown_spot/brown_spot (117).jpg,brown_spot,brown_spot,0.8091443
Rice_Leaf_Diease/Rice_Leaf_Diease/test/brown_spot/brown_spot (118).jpg,brown_spot,brown_spot,0.8696553
Rice_Leaf_Diease/Rice_Leaf_Diease/test/brown_spot/brown_spot (119).jpg,brown_spot,brown_spot,0.9865633
Rice_Leaf_Diease/Rice_Leaf_Diease/test/brown_spot/brown_spot (12).jpg,brown_spot,brown_spot,0.97663057
Rice_Leaf_Diease/Rice_Leaf_Diease/test/brown_spot/brown_spot (120).jpg,brown_spot,brown_spot,0.9866137
Rice_Leaf_Diease/Rice_Leaf_Diease/test/brown_spot/brown_spot (121).jpg,brown_spot,brown_spot,0.9775069
Rice_Leaf_Diease/Rice_Leaf_Diease/test/brown_spot/brown_spot (122).jpg,brown_spot,brown_spot,0.9837997
Rice_Leaf_Diease/Rice_Leaf_Diease/test/brown_spot/brown_spot (123).jpg,brown_spot,brown_spot,0.96743137
Rice_Leaf_Diease/Rice_Leaf_Diease/test/brown_spot/brown_spot (124).jpg,brown_spot,brown_spot,0.98382807
Rice_Leaf_Diease/Rice_Leaf_Diease/test/brown_spot/brown_spot (125).jpg,brown_spot,brown_spot,0.97373646
Rice_Leaf_Diease/Rice_Leaf_Diease/test/brown_spot/brown_spot (126).jpg,brown_spot,brown_spot,0.9749913
Rice_Leaf_Diease/Rice_Leaf_Diease/test/brown_spot/brown_spot (128).jpg,brown_spot,brown_spot,0.89768136
Rice_Leaf_Diease/Rice_Leaf_Diease/test/brown_spot/brown_spot (129).jpg,brown_spot,brown_spot,0.9058431
Rice_Leaf_Diease/Rice_Leaf_Diease/test/brown_spot/brown_spot (13).jpg,brown_spot,brown_spot,0.9965113
Rice_Leaf_Diease/Rice_Leaf_Diease/test/brown_spot/brown_spot (130).jpg,brown_spot,brown_spot,0.9212244
Rice_Leaf_Diease/Rice_Leaf_Diease/test/brown_spot/brown_spot (131).jpg,brown_spot,brown_spot,0.924712
Rice_Leaf_Diease/Rice_Leaf_Diease/test/brown_spot/brown_spot (133).jpg,brown_spot,brown_spot,0.99236333
Rice_Leaf_Diease/Rice_Leaf_Diease/test/brown_spot/brown_spot (134).jpg,brown_spot,brown_spot,0.9171239
Rice_Leaf_Diease/Rice_Leaf_Diease/test/brown_spot/brown_spot (135).jpg,brown_spot,brown_spot,0.9651702
Rice_Leaf_Diease/Rice_Leaf_Diease/test/brown_spot/brown_spot (136).jpg,brown_spot,brown_spot,0.9314036
Rice_Leaf_Diease/Rice_Leaf_Diease/test/brown_spot/brown_spot (137).jpg,brown_spot,brown_spot,0.9828242
Rice_Leaf_Diease/Rice_Leaf_Diease/test/brown_spot/brown_spot (139).jpg,brown_spot,brown_spot,0.9829776
Rice_Leaf_Diease/Rice_Leaf_Diease/test/brown_spot/brown_spot (14).jpg,brown_spot,brown_spot,0.96838546
Rice_Leaf_Diease/Rice_Leaf_Diease/test/brown_spot/brown_spot (141).jpg,brown_spot,brown_spot,0.9799754
Rice_Leaf_Diease/Rice_Leaf_Diease/test/brown_spot/brown_spot (142).jpg,brown_spot,brown_spot,0.9749384
Rice_Leaf_Diease/Rice_Leaf_Diease/test/brown_spot/brown_spot (143).jpg,brown_spot,brown_spot,0.9816519
Rice_Leaf_Diease/Rice_Leaf_Diease/test/brown_spot/brown_spot (144).jpg,brown_spot,brown_spot,0.9907864
Rice_Leaf_Diease/Rice_Leaf_Diease/test/brown_spot/brown_spot (145).jpg,brown_spot,brown_spot,0.8970546
Rice_Leaf_Diease/Rice_Leaf_Diease/test/brown_spot/brown_spot (146).jpg,brown_spot,brown_spot,0.9398079
Rice_Leaf_Diease/Rice_Leaf_Diease/test/brown_spot/brown_spot (147).jpg,brown_spot,brown_spot,0.9110605
Rice_Leaf_Diease/Rice_Leaf_Diease/test/brown_spot/brown_spot (148).jpg,brown_spot,brown_spot,0.91406476
Rice_Leaf_Diease/Rice_Leaf_Diease/test/brown_spot/brown_spot (149).jpg,brown_spot,brown_spot,0.9748462
Rice_Leaf_Diease/Rice_Leaf_Diease/test/brown_spot/brown_spot (15).jpg,brown_spot,brown_spot,0.9605867
Rice_Leaf_Diease/Rice_Leaf_Diease/test/brown_spot/brown_spot (150).jpg,brown_spot,brown_spot,0.94724154
Rice_Leaf_Diease/Rice_Leaf_Diease/test/brown_spot/brown_spot (151).JPG,brown_spot,brown_spot,0.9664142
Rice_Leaf_Diease/Rice_Leaf_Diease/test/brown_spot/brown_spot (152).jpg,brown_spot,brown_spot,0.93208796
Rice_Leaf_Diease/Rice_Leaf_Diease/test/brown_spot/brown_spot (153).jpg,brown_spot,brown_spot,0.88870394
Rice_Leaf_Diease/Rice_Leaf_Diease/test/brown_spot/brown_spot (154).jpg,brown_spot,brown_spot,0.91256344
Rice_Leaf_Diease/Rice_Leaf_Diease/test/brown_spot/brown_spot (155).jpg,brown_spot,brown_spot,0.9548378
Rice_Leaf_Diease/Rice_Leaf_Diease/test/brown_spot/brown_spot (156).jpg,brown_spot,brown_spot,0.56116235
Rice_Leaf_Diease/Rice_Leaf_Diease/test/brown_spot/brown_spot (157).jpg,brown_spot,brown_spot,0.97809875
Rice_Leaf_Diease/Rice_Leaf_Diease/test/brown_spot/brown_spot (158).jpg,brown_spot,brown_spot,0.8927884
Rice_Leaf_Diease/Rice_Leaf_Diease/test/brown_spot/brown_spot (159).jpg,brown_spot,brown_spot,0.92961645
Rice_Leaf_Diease/Rice_Leaf_Diease/test/brown_spot/brown_spot (16).jpg,brown_spot,brown_spot,0.94198734
Rice_Leaf_Diease/Rice_Leaf_Diease/test/brown_spot/brown_spot (160).jpg,brown_spot,brown_spot,0.95804256
Rice_Leaf_Diease/Rice_Leaf_Diease/test/brown_spot/brown_spot (161).jpg,brown_spot,brown_spot,0.9521061
Rice_Leaf_Diease/Rice_Leaf_Diease/test/brown_spot/brown_spot (162).jpg,brown_spot,brown_spot,0.9486537
Rice_Leaf_Diease/Rice_Leaf_Diease/test/brown_spot/brown_spot (163).jpg,brown_spot,brown_spot,0.9401733
Rice_Leaf_Diease/Rice_Leaf_Diease/test/brown_spot/brown_spot (164).jpg,brown_spot,brown_spot,0.89577043
Rice_Leaf_Diease/Rice_Leaf_Diease/test/brown_spot/brown_spot (165).jpg,brown_spot,brown_spot,0.94880027
Rice_Leaf_Diease/Rice_Leaf_Diease/test/brown_spot/brown_spot (166).jpg,brown_spot,brown_spot,0.9843055
Rice_Leaf_Diease/Rice_Leaf_Diease/test/brown_spot/brown_spot (167).JPG,brown_spot,brown_spot,0.8980889
Rice_Leaf_Diease/Rice_Leaf_Diease/test/brown_spot/brown_spot (168).JPG,brown_spot,brown_spot,0.86110514
Rice_Leaf_Diease/Rice_Leaf_Diease/test/brown_spot/brown_spot (169).jpg,brown_spot,brown_spot,0.9521958
Rice_Leaf_Diease/Rice_Leaf_Diease/test/brown_spot/brown_spot (17).jpg,brown_spot,brown_spot,0.9163699
Rice_Leaf_Diease/Rice_Leaf_Diease/test/brown_spot/brown_spot (170).jpg,brown_spot,brown_spot,0.9986767
Rice_Leaf_Diease/Rice_Leaf_Diease/test/brown_spot/brown_spot (171).jpg,brown_spot,brown_spot,0.92812526
Rice_Leaf_Diease/Rice_Leaf_Diease/test/brown_spot/brown_spot (172).jpg,brown_spot,brown_spot,0.9168042
Rice_Leaf_Diease/Rice_Leaf_Diease/test/brown_spot/brown_spot (173).jpg,brown_spot,brown_spot,0.48734602
Rice_Leaf_Diease/Rice_Leaf_Diease/test/brown_spot/brown_spot (174).jpg,brown_spot,brown_spot,0.9274863
Rice_Leaf_Diease/Rice_Leaf_Diease/test/brown_spot/brown_spot (175).jpg,brown_spot,brown_spot,0.90827787
Rice_Leaf_Diease/Rice_Leaf_Diease/test/brown_spot/brown_spot (176).jpg,brown_spot,brown_spot,0.7065519
Rice_Leaf_Diease/Rice_Leaf_Diease/test/brown_spot/brown_spot (177).jpg,brown_spot,brown_spot,0.96552634
Rice_Leaf_Diease/Rice_Leaf_Diease/test/brown_spot/brown_spot (179).jpg,brown_spot,brown_spot,0.96682245
Rice_Leaf_Diease/Rice_Leaf_Diease/test/brown_spot/brown_spot (18).jpg,brown_spot,brown_spot,0.82463795
Rice_Leaf_Diease/Rice_Leaf_Diease/test/brown_spot/brown_spot (180).jpg,brown_spot,brown_spot,0.94553846
Rice_Leaf_Diease/Rice_Leaf_Diease/test/brown_spot/brown_spot (181).jpg,brown_spot,brown_spot,0.9371018
Rice_Leaf_Diease/Rice_Leaf_Diease/test/brown_spot/brown_spot (182).jpg,brown_spot,brown_spot,0.9401323
Rice_Leaf_Diease/Rice_Leaf_Diease/test/brown_spot/brown_spot (183).jpg,brown_spot,brown_spot,0.8574874
Rice_Leaf_Diease/Rice_Leaf_Diease/test/brown_spot/brown_spot (184).jpg,brown_spot,brown_spot,0.95983493
Rice_Leaf_Diease/Rice_Leaf_Diease/test/brown_spot/brown_spot (185).jpg,brown_spot,brown_spot,0.96553624
Rice_Leaf_Diease/Rice_Leaf_Diease/test/brown_spot/brown_spot (186).jpg,brown_spot,brown_spot,0.92555875
Rice_Leaf_Diease/Rice_Leaf_Diease/test/brown_spot/brown_spot (187).jpg,brown_spot,brown_spot,0.97210264
Rice_Leaf_Diease/Rice_Leaf_Diease/test/brown_spot/brown_spot (188).jpg,brown_spot,brown_spot,0.9379128
Rice_Leaf_Diease/Rice_Leaf_Diease/test/brown_spot/brown_spot (189).jpg,brown_spot,brown_spot,0.9066271
Rice_Leaf_Diease/Rice_Leaf_Diease/test/brown_spot/brown_spot (19).jpg,brown_spot,brown_spot,0.94540256
Rice_Leaf_Diease/Rice_Leaf_Diease/test/brown_spot/brown_spot (190).jpg,brown_spot,brown_spot,0.8306416
Rice_Leaf_Diease/Rice_Leaf_Diease/test/brown_spot/brown_spot (191).jpg,brown_spot,brown_spot,0.80200815
Rice_Leaf_Diease/Rice_Leaf_Diease/test/brown_spot/brown_spot (192).jpg,brown_spot,brown_spot,0.8631795
Rice_Leaf_Diease/Rice_Leaf_Diease/test/brown_spot/brown_spot (193).jpg,brown_spot,brown_spot,0.7628233
Rice_Leaf_Diease/Rice_Leaf_Diease/test/brown_spot/brown_spot (194).jpg,brown_spot,brown_spot,0.9110365
Rice_Leaf_Diease/Rice_Leaf_Diease/test/brown_spot/brown_spot (195).jpg,brown_spot,brown_spot,0.8609884
Rice_Leaf_Diease/Rice_Leaf_Diease/test/brown_spot/brown_spot (196).jpg,brown_spot,brown_spot,0.9302688
Rice_Leaf_Diease/Rice_Leaf_Diease/test/brown_spot/brown_spot (197).jpg,brown_spot,brown_spot,0.98048806
Rice_Leaf_Diease/Rice_Leaf_Diease/test/brown_spot/brown_spot (198).jpg,brown_spot,brown_spot,0.9724534
Rice_Leaf_Diease/Rice_Leaf_Diease/test/brown_spot/brown_spot (199).jpg,brown_spot,brown_spot,0.873558
Rice_Leaf_Diease/Rice_Leaf_Diease/test/brown_spot/brown_spot (2).jpg,brown_spot,brown_spot,0.82288265
Rice_Leaf_Diease/Rice_Leaf_Diease/test/brown_spot/brown_spot (20).jpg,brown_spot,brown_spot,0.97703254
Rice_Leaf_Diease/Rice_Leaf_Diease/test/brown_spot/brown_spot (200).jpg,brown_spot,brown_spot,0.8763583
Rice_Leaf_Diease/Rice_Leaf_Diease/test/brown_spot/brown_spot (201).jpg,brown_spot,brown_spot,0.960474
Rice_Leaf_Diease/Rice_Leaf_Diease/test/brown_spot/brown_spot (202).jpg,brown_spot,brown_spot,0.9704357
Rice_Leaf_Diease/Rice_Leaf_Diease/test/brown_spot/brown_spot (203).jpg,brown_spot,brown_spot,0.9672715
Rice_Leaf_Diease/Rice_Leaf_Diease/test/brown_spot/brown_spot (204).jpg,brown_spot,brown_spot,0.93809503
Rice_Leaf_Diease/Rice_Leaf_Diease/test/brown_spot/brown_spot (205).jpg,brown_spot,brown_spot,0.91994107
Rice_Leaf_Diease/Rice_Leaf_Diease/test/brown_spot/brown_spot (206).jpg,brown_spot,brown_spot,0.88715905
Rice_Leaf_Diease/Rice_Leaf_Diease/test/brown_spot/brown_spot (207).jpg,brown_spot,brown_spot,0.84817016
Rice_Leaf_Diease/Rice_Leaf_Diease/test/brown_spot/brown_spot (208).jpg,brown_spot,brown_spot,0.8342271
Rice_Leaf_Diease/Rice_Leaf_Diease/test/brown_spot/brown_spot (209).jpg,brown_spot,brown_spot,0.9944818
Rice_Leaf_Diease/Rice_Leaf_Diease/test/brown_spot/brown_spot (21).jpg,brown_spot,brown_spot,0.9800388
Rice_Leaf_Diease/Rice_Leaf_Diease/test/brown_spot/brown_spot (210).jpg,brown_spot,brown_spot,0.93147534
Rice_Leaf_Diease/Rice_Leaf_Diease/test/brown_spot/brown_spot (211).JPG,brown_spot,brown_spot,0.9659977
Rice_Leaf_Diease/Rice_Leaf_Diease/test/brown_spot/brown_spot (212).JPG,brown_spot,brown_spot,0.88344574
Rice_Leaf_Diease/Rice_Leaf_Diease/test/brown_spot/brown_spot (213).JPG,brown_spot,brown_spot,0.9728808
Rice_Leaf_Diease/Rice_Leaf_Diease/test/brown_spot/brown_spot (214).jpg,brown_spot,brown_spot,0.80153984
Rice_Leaf_Diease/Rice_Leaf_Diease/test/brown_spot/brown_spot (215).jpg,brown_spot,brown_spot,0.968733
Rice_Leaf_Diease/Rice_Leaf_Diease/test/brown_spot/brown_spot (216).JPG,brown_spot,brown_spot,0.92643136
Rice_Leaf_Diease/Rice_Leaf_Diease/test/brown_spot/brown_spot (217).JPG,brown_spot,brown_spot,0.9825126
Rice_Leaf_Diease/Rice_Leaf_Diease/test/brown_spot/brown_spot (218).JPG,brown_spot,brown_spot,0.7941315
Rice_Leaf_Diease/Rice_Leaf_Diease/test/brown_spot/brown_spot (219).JPG,brown_spot,brown_spot,0.894945
Rice_Leaf_Diease/Rice_Leaf_Diease/test/brown_spot/brown_spot (22).jpg,brown_spot,brown_spot,0.98299533
Rice_Leaf_Diease/Rice_Leaf_Diease/test/brown_spot/brown_spot (220).JPG,brown_spot,brown_spot,0.9417191
Rice_Leaf_Diease/Rice_Leaf_Diease/test/brown_spot/brown_spot (221).JPG,brown_spot,brown_spot,0.87672424
Rice_Leaf_Diease/Rice_Leaf_Diease/test/brown_spot/brown_spot (222).JPG,brown_spot,brown_spot,0.78905195
Rice_Leaf_Diease/Rice_Leaf_Diease/test/brown_spot/brown_spot (223).JPG,brown_spot,brown_spot,0.7912939
Rice_Leaf_Diease/Rice_Leaf_Diease/test/brown_spot/brown_spot (224).JPG,brown_spot,brown_spot,0.9043668
Rice_Leaf_Diease/Rice_Leaf_Diease/test/brown_spot/brown_spot (225).JPG,brown_spot,brown_spot,0.8686534
Rice_Leaf_Diease/Rice_Leaf_Diease/test/brown_spot/brown_spot (226).JPG,brown_spot,brown_spot,0.90580827
Rice_Leaf_Diease/Rice_Leaf_Diease/test/brown_spot/brown_spot (227).JPG,brown_spot,brown_spot,0.9171012
Rice_Leaf_Diease/Rice_Leaf_Diease/test/brown_spot/brown_spot (228).JPG,brown_spot,brown_spot,0.703042
Rice_Leaf_Diease/Rice_Leaf_Diease/test/brown_spot/brown_spot (229).JPG,brown_spot,brown_spot,0.8258567
Rice_Leaf_Diease/Rice_Leaf_Diease/test/brown_spot/brown_spot (23).jpg,brown_spot,brown_spot,0.98153657
Rice_Leaf_Diease/Rice_Leaf_Diease/test/brown_spot/brown_spot (230).JPG,brown_spot,brown_spot,0.90352345
Rice_Leaf_Diease/Rice_Leaf_Diease/test/brown_spot/brown_spot (231).JPG,brown_spot,brown_spot,0.8539732
Rice_Leaf_Diease/Rice_Leaf_Diease/test/brown_spot/brown_spot (232).JPG,brown_spot,brown_spot,0.908583
Rice_Leaf_Diease/Rice_Leaf_Diease/test/brown_spot/brown_spot (233).JPG,brown_spot,brown_spot,0.7964068
Rice_Leaf_Diease/Rice_Leaf_Diease/test/brown_spot/brown_spot (234).JPG,brown_spot,brown_spot,0.8766942
Rice_Leaf_Diease/Rice_Leaf_Diease/test/brown_spot/brown_spot (235).jpg,brown_spot,brown_spot,0.7766259
Rice_Leaf_Diease/Rice_Leaf_Diease/test/brown_spot/brown_spot (236).jpg,brown_spot,brown_spot,0.8013678
Rice_Leaf_Diease/Rice_Leaf_Diease/test/brown_spot/brown_spot (237).jpg,brown_spot,brown_spot,0.8887885
Rice_Leaf_Diease/Rice_Leaf_Diease/test/brown_spot/brown_spot (238).jpg,brown_spot,brown_spot,0.97816384
Rice_Leaf_Diease/Rice_Leaf_Diease/test/brown_spot/brown_spot (239).jpg,brown_spot,brown_spot,0.85925657
Rice_Leaf_Diease/Rice_Leaf_Diease/test/brown_spot/brown_spot (24).jpg,brown_spot,brown_spot,0.96825445
Rice_Leaf_Diease/Rice_Leaf_Diease/test/brown_spot/brown_spot (240).jpg,brown_spot,brown_spot,0.89063597
Rice_Leaf_Diease/Rice_Leaf_Diease/test/brown_spot/brown_spot (241).jpg,brown_spot,brown_spot,0.81890815
Rice_Leaf_Diease/Rice_Leaf_Diease/test/brown_spot/brown_spot (242).jpg,brown_spot,brown_spot,0.5216234
Rice_Leaf_Diease/Rice_Leaf_Diease/test/brown_spot/brown_spot (243).jpg,brown_spot,brown_spot,0.9733512
Rice_Leaf_Diease/Rice_Leaf_Diease/test/brown_spot/brown_spot (244).jpg,brown_spot,brown_spot,0.97441655
Rice_Leaf_Diease/Rice_Leaf_Diease/test/brown_spot/brown_spot (245).jpg,brown_spot,brown_spot,0.98930573
Rice_Leaf_Diease/Rice_Leaf_Diease/test/brown_spot/brown_spot (246).jpg,brown_spot,brown_spot,0.9706162
Rice_Leaf_Diease/Rice_Leaf_Diease/test/brown_spot/brown_spot (247).jpg,brown_spot,brown_spot,0.97024643
Rice_Leaf_Diease/Rice_Leaf_Diease/test/brown_spot/brown_spot (248).jpg,brown_spot,brown_spot,0.9718046
Rice_Leaf_Diease/Rice_Leaf_Diease/test/brown_spot/brown_spot (249).jpg,brown_spot,brown_spot,0.9744186
Rice_Leaf_Diease/Rice_Leaf_Diease/test/brown_spot/brown_spot (25).jpg,brown_spot,brown_spot,0.98957
Rice_Leaf_Diease/Rice_Leaf_Diease/test/brown_spot/brown_spot (250).jpg,brown_spot,brown_spot,0.9787663
Rice_Leaf_Diease/Rice_Leaf_Diease/test/brown_spot/brown_spot (253).jpg,brown_spot,brown_spot,0.977825
Rice_Leaf_Diease/Rice_Leaf_Diease/test/brown_spot/brown_spot (256).jpg,brown_spot,brown_spot,0.96925247
Rice_Leaf_Diease/Rice_Leaf_Diease/test/brown_spot/brown_spot (257).jpg,brown_spot,brown_spot,0.97880733
Rice_Leaf_Diease/Rice_Leaf_Diease/test/brown_spot/brown_spot (258).jpg,brown_spot,brown_spot,0.97611815
Rice_Leaf_Diease/Rice_Leaf_Diease/test/brown_spot/brown_spot (259).jpg,brown_spot,brown_spot,0.97168106
Rice_Leaf_Diease/Rice_Leaf_Diease/test/brown_spot/brown_spot (26).jpg,brown_spot,brown_spot,0.9944923
Rice_Leaf_Diease/Rice_Leaf_Diease/test/brown_spot/brown_spot (260).jpg,brown_spot,brown_spot,0.98377544
Rice_Leaf_Diease/Rice_Leaf_Diease/test/brown_spot/brown_spot (261).jpg,brown_spot,brown_spot,0.97118473
Rice_Leaf_Diease/Rice_Leaf_Diease/test/brown_spot/brown_spot (262).jpg,brown_spot,brown_spot,0.5044437
Rice_Leaf_Diease/Rice_Leaf_Diease/test/brown_spot/brown_spot (263).jpg,brown_spot,brown_spot,0.96964496
Rice_Leaf_Diease/Rice_Leaf_Diease/test/brown_spot/brown_spot (264).jpg,brown_spot,brown_spot,0.9673785
Rice_Leaf_Diease/Rice_Leaf_Diease/test/brown_spot/brown_spot (265).jpg,brown_spot,brown_spot,0.95154345
Rice_Leaf_Diease/Rice_Leaf_Diease/test/brown_spot/brown_spot (266).jpg,brown_spot,brown_spot,0.90944386
Rice_Leaf_Diease/Rice_Leaf_Diease/test/brown_spot/brown_spot (267).jpg,brown_spot,brown_spot,0.9637866
Rice_Leaf_Diease/Rice_Leaf_Diease/test/brown_spot/brown_spot (268).jpg,brown_spot,brown_spot,0.955192
Rice_Leaf_Diease/Rice_Leaf_Diease/test/brown_spot/brown_spot (269).jpg,brown_spot,brown_spot,0.9796467
Rice_Leaf_Diease/Rice_Leaf_Diease/test/brown_spot/brown_spot (27).jpg,brown_spot,brown_spot,0.9867496
Rice_Leaf_Diease/Rice_Leaf_Diease/test/brown_spot/brown_spot (270).jpg,brown_spot,brown_spot,0.9299849
Rice_Leaf_Diease/Rice_Leaf_Diease/test/brown_spot/brown_spot (271).jpg,brown_spot,brown_spot,0.9370534
Rice_Leaf_Diease/Rice_Leaf_Diease/test/brown_spot/brown_spot (272).jpg,brown_spot,brown_spot,0.9315947
Rice_Leaf_Diease/Rice_Leaf_Diease/test/brown_spot/brown_spot (273).jpg,brown_spot,brown_spot,0.97179925
Rice_Leaf_Diease/Rice_Leaf_Diease/test/brown_spot/brown_spot (274).jpg,brown_spot,brown_spot,0.9705967
Rice_Leaf_Diease/Rice_Leaf_Diease/test/brown_spot/brown_spot (275).jpg,brown_spot,brown_spot,0.92445487
Rice_Leaf_Diease/Rice_Leaf_Diease/test/brown_spot/brown_spot (276).jpg,brown_spot,brown_spot,0.7412732
Rice_Leaf_Diease/Rice_Leaf_Diease/test/brown_spot/brown_spot (277).jpg,brown_spot,brown_spot,0.83392215
Rice_Leaf_Diease/Rice_Leaf_Diease/test/brown_spot/brown_spot (278).jpg,brown_spot,brown_spot,0.9374283
Rice_Leaf_Diease/Rice_Leaf_Diease/test/brown_spot/brown_spot (279).jpg,brown_spot,brown_spot,0.8642362
Rice_Leaf_Diease/Rice_Leaf_Diease/test/brown_spot/brown_spot (28).jpg,brown_spot,brown_spot,0.9717013
Rice_Leaf_Diease/Rice_Leaf_Diease/test/brown_spot/brown_spot (280).jpg,brown_spot,brown_spot,0.9635673
Rice_Leaf_Diease/Rice_Leaf_Diease/test/brown_spot/brown_spot (281).jpg,brown_spot,brown_spot,0.9661497
Rice_Leaf_Diease/Rice_Leaf_Diease/test/brown_spot/brown_spot (282).jpg,brown_spot,brown_spot,0.9429355
Rice_Leaf_Diease/Rice_Leaf_Diease/test/brown_spot/brown_spot (283).jpg,brown_spot,brown_spot,0.9478332
Rice_Leaf_Diease/Rice_Leaf_Diease/test/brown_spot/brown_spot (284).jpg,brown_spot,brown_spot,0.98567677
Rice_Leaf_Diease/Rice_Leaf_Diease/test/brown_spot/brown_spot (285).jpg,brown_spot,brown_spot,0.87859833
Rice_Leaf_Diease/Rice_Leaf_Diease/test/brown_spot/brown_spot (29).jpg,brown_spot,brown_spot,0.96872544
Rice_Leaf_Diease/Rice_Leaf_Diease/test/brown_spot/brown_spot (291).jpg,brown_spot,brown_spot,0.8761642
Rice_Leaf_Diease/Rice_Leaf_Diease/test/brown_spot/brown_spot (292).jpg,brown_spot,brown_spot,0.9617161
Rice_Leaf_Diease/Rice_Leaf_Diease/test/brown_spot/brown_spot (293).jpg,brown_spot,brown_spot,0.8644309
Rice_Leaf_Diease/Rice_Leaf_Diease/test/brown_spot/brown_spot (294).jpg,brown_spot,brown_spot,0.93703175
Rice_Leaf_Diease/Rice_Leaf_Diease/test/brown_spot/brown_spot (295).jpg,brown_spot,brown_spot,0.8401864
Rice_Leaf_Diease/Rice_Leaf_Diease/test/brown_spot/brown_spot (296).jpg,brown_spot,brown_spot,0.8499084
Rice_Leaf_Diease/Rice_Leaf_Diease/test/brown_spot/brown_spot (297).jpg,brown_spot,brown_spot,0.8774031
Rice_Leaf_Diease/Rice_Leaf_Diease/test/brown_spot/brown_spot (299).jpg,brown_spot,brown_spot,0.9032809
Rice_Leaf_Diease/Rice_Leaf_Diease/test/brown_spot/brown_spot (3).jpg,brown_spot,brown_spot,0.64299
Rice_Leaf_Diease/Rice_Leaf_Diease/test/brown_spot/brown_spot (30).jpg,brown_spot,brown_spot,0.949146
Rice_Leaf_Diease/Rice_Leaf_Diease/test/brown_spot/brown_spot (300).jpg,brown_spot,brown_spot,0.9285954
Rice_Leaf_Diease/Rice_Leaf_Diease/test/brown_spot/brown_spot (301).jpg,brown_spot,brown_spot,0.86864775
Rice_Leaf_Diease/Rice_Leaf_Diease/test/brown_spot/brown_spot (302).jpg,brown_spot,brown_spot,0.9677224
Rice_Leaf_Diease/Rice_Leaf_Diease/test/brown_spot/brown_spot (303).jpg,brown_spot,brown_spot,0.8977714
Rice_Leaf_Diease/Rice_Leaf_Diease/test/brown_spot/brown_spot (304).jpg,brown_spot,brown_spot,0.9606106
Rice_Leaf_Diease/Rice_Leaf_Diease/test/brown_spot/brown_spot (305).jpg,brown_spot,brown_spot,0.9808069
Rice_Leaf_Diease/Rice_Leaf_Diease/test/brown_spot/brown_spot (306).jpg,brown_spot,brown_spot,0.94080764
Rice_Leaf_Diease/Rice_Leaf_Diease/test/brown_spot/brown_spot (307).jpg,brown_spot,brown_spot,0.91766834
Rice_Leaf_Diease/Rice_Leaf_Diease/test/brown_spot/brown_spot (308).jpg,brown_spot,brown_spot,0.9169317
Rice_Leaf_Diease/Rice_Leaf_Diease/test/brown_spot/brown_spot (309).jpg,brown_spot,brown_spot,0.8819177
Rice_Leaf_Diease/Rice_Leaf_Diease/test/brown_spot/brown_spot (31).jpg,brown_spot,brown_spot,0.9446679
Rice_Leaf_Diease/Rice_Leaf_Diease/test/brown_spot/brown_spot (310).jpg,brown_spot,brown_spot,0.9760903
Rice_Leaf_Diease/Rice_Leaf_Diease/test/brown_spot/brown_spot (311).jpg,brown_spot,brown_spot,0.9822353
Rice_Leaf_Diease/Rice_Leaf_Diease/test/brown_spot/brown_spot (313).jpg,brown_spot,brown_spot,0.98370486
Rice_Leaf_Diease/Rice_Leaf_Diease/test/brown_spot/brown_spot (314).jpg,brown_spot,brown_spot,0.98955196
Rice_Leaf_Diease/Rice_Leaf_Diease/test/brown_spot/brown_spot (316).jpg,brown_spot,brown_spot,0.98172474
Rice_Leaf_Diease/Rice_Leaf_Diease/test/brown_spot/brown_spot (317).jpg,brown_spot,brown_spot,0.9851677
Rice_Leaf_Diease/Rice_Leaf_Diease/test/brown_spot/brown_spot (32).jpg,brown_spot,rice_blast,0.7980176
Rice_Leaf_Diease/Rice_Leaf_Diease/test/brown_spot/brown_spot (321).jpg,brown_spot,brown_spot,0.98119384
Rice_Leaf_Diease/Rice_Leaf_Diease/test/brown_spot/brown_spot (322).jpg,brown_spot,brown_spot,0.979368
Rice_Leaf_Diease/Rice_Leaf_Diease/test/brown_spot/brown_spot (325).jpg,brown_spot,brown_spot,0.97783446
Rice_Leaf_Diease/Rice_Leaf_Diease/test/brown_spot/brown_spot (327).jpg,brown_spot,brown_spot,0.99447423
Rice_Leaf_Diease/Rice_Leaf_Diease/test/brown_spot/brown_spot (328).jpg,brown_spot,brown_spot,0.99119836
Rice_Leaf_Diease/Rice_Leaf_Diease/test/brown_spot/brown_spot (329).jpg,brown_spot,brown_spot,0.97923225
Rice_Leaf_Diease/Rice_Leaf_Diease/test/brown_spot/brown_spot (33).jpg,brown_spot,brown_spot,0.97662556
Rice_Leaf_Diease/Rice_Leaf_Diease/test/brown_spot/brown_spot (330).jpg,brown_spot,brown_spot,0.97573733
Rice_Leaf_Diease/Rice_Leaf_Diease/test/brown_spot/brown_spot (331).jpg,brown_spot,brown_spot,0.9784629
Rice_Leaf_Diease/Rice_Leaf_Diease/test/brown_spot/brown_spot (332).jpg,brown_spot,brown_spot,0.97549146
Rice_Leaf_Diease/Rice_Leaf_Diease/test/brown_spot/brown_spot (333).jpg,brown_spot,brown_spot,0.9743959
Rice_Leaf_Diease/Rice_Leaf_Diease/test/brown_spot/brown_spot (334).jpg,brown_spot,brown_spot,0.9714495
Rice_Leaf_Diease/Rice_Leaf_Diease/test/brown_spot/brown_spot (335).jpg,brown_spot,brown_spot,0.9792277
Rice_Leaf_Diease/Rice_Leaf_Diease/test/brown_spot/brown_spot (337).jpg,brown_spot,brown_spot,0.9753523
Rice_Leaf_Diease/Rice_Leaf_Diease/test/brown_spot/brown_spot (339).jpg,brown_spot,brown_spot,0.97763205
Rice_Leaf_Diease/Rice_Leaf_Diease/test/brown_spot/brown_spot (34).jpg,brown_spot,brown_spot,0.96637094
Rice_Leaf_Diease/Rice_Leaf_Diease/test/brown_spot/brown_spot (341).JPG,brown_spot,brown_spot,0.90363497
Rice_Leaf_Diease/Rice_Leaf_Diease/test/brown_spot/brown_spot (342).JPG,brown_spot,brown_spot,0.8777733
Rice_Leaf_Diease/Rice_Leaf_Diease/test/brown_spot/brown_spot (343).JPG,brown_spot,brown_spot,0.89232016
Rice_Leaf_Diease/Rice_Leaf_Diease/test/brown_spot/brown_spot (344).JPG,brown_spot,brown_spot,0.9290005
Rice_Leaf_Diease/Rice_Leaf_Diease/test/brown_spot/brown_spot (345).JPG,brown_spot,brown_spot,0.7831977
Rice_Leaf_Diease/Rice_Leaf_Diease/test/brown_spot/brown_spot (346).JPG,brown_spot,brown_spot,0.8270434
Rice_Leaf_Diease/Rice_Leaf_Diease/test/brown_spot/brown_spot (347).JPG,brown_spot,brown_spot,0.890632
Rice_Leaf_Diease/Rice_Leaf_Diease/test/brown_spot/brown_spot (348).JPG,brown_spot,brown_spot,0.9080089
Rice_Leaf_Diease/Rice_Leaf_Diease/test/brown_spot/brown_spot (349).JPG,brown_spot,brown_spot,0.7743519
Rice_Leaf_Diease/Rice_Leaf_Diease/test/brown_spot/brown_spot (35).jpg,brown_spot,brown_spot,0.9727979
Rice_Leaf_Diease/Rice_Leaf_Diease/test/brown_spot/brown_spot (350).jpg,brown_spot,brown_spot,0.909986
Rice_Leaf_Diease/Rice_Leaf_Diease/test/brown_spot/brown_spot (36).jpg,brown_spot,brown_spot,0.99341536
Rice_Leaf_Diease/Rice_Leaf_Diease/test/brown_spot/brown_spot (37).jpg,brown_spot,brown_spot,0.9792365
Rice_Leaf_Diease/Rice_Leaf_Diease/test/brown_spot/brown_spot (38).jpg,brown_spot,brown_spot,0.9512919
Rice_Leaf_Diease/Rice_Leaf_Diease/test/brown_spot/brown_spot (39).jpg,brown_spot,brown_spot,0.9707037
Rice_Leaf_Diease/Rice_Leaf_Diease/test/brown_spot/brown_spot (4).jpg,brown_spot,brown_spot,0.8313054
Rice_Leaf_Diease/Rice_Leaf_Diease/test/brown_spot/brown_spot (40).jpg,brown_spot,brown_spot,0.98565084
Rice_Leaf_Diease/Rice_Leaf_Diease/test/brown_spot/brown_spot (41).jpg,brown_spot,brown_spot,0.98129416
Rice_Leaf_Diease/Rice_Leaf_Diease/test/brown_spot/brown_spot (42).jpg,brown_spot,brown_spot,0.96996313
Rice_Leaf_Diease/Rice_Leaf_Diease/test/brown_spot/brown_spot (43).jpg,brown_spot,brown_spot,0.9741527
Rice_Leaf_Diease/Rice_Leaf_Diease/test/brown_spot/brown_spot (44).jpg,brown_spot,brown_spot,0.979661
Rice_Leaf_Diease/Rice_Leaf_Diease/test/brown_spot/brown_spot (45).jpg,brown_spot,brown_spot,0.9893545
Rice_Leaf_Diease/Rice_Leaf_Diease/test/brown_spot/brown_spot (46).jpg,brown_spot,brown_spot,0.9942101
Rice_Leaf_Diease/Rice_Leaf_Diease/test/brown_spot/brown_spot (47).jpg,brown_spot,brown_spot,0.9696499
Rice_Leaf_Diease/Rice_Leaf_Diease/test/brown_spot/brown_spot (48).jpg,brown_spot,brown_spot,0.962829
Rice_Leaf_Diease/Rice_Leaf_Diease/test/brown_spot/brown_spot (49).jpg,brown_spot,brown_spot,0.9474252
Rice_Leaf_Diease/Rice_Leaf_Diease/test/brown_spot/brown_spot (5).jpg,brown_spot,brown_spot,0.8782567
Rice_Leaf_Diease/Rice_Leaf_Diease/test/brown_spot/brown_spot (50).jpg,brown_spot,brown_spot,0.9818428
Rice_Leaf_Diease/Rice_Leaf_Diease/test/brown_spot/brown_spot (51).jpg,brown_spot,brown_spot,0.97279257
Rice_Leaf_Diease/Rice_Leaf_Diease/test/brown_spot/brown_spot (52).jpg,brown_spot,brown_spot,0.96187866
Rice_Leaf_Diease/Rice_Leaf_Diease/test/brown_spot/brown_spot (53).jpg,brown_spot,brown_spot,0.99256855
Rice_Leaf_Diease/Rice_Leaf_Diease/test/brown_spot/brown_spot (54).jpg,brown_spot,brown_spot,0.97436166
Rice_Leaf_Diease/Rice_Leaf_Diease/test/brown_spot/brown_spot (55).jpg,brown_spot,brown_spot,0.9687382
Rice_Leaf_Diease/Rice_Leaf_Diease/test/brown_spot/brown_spot (56).jpg,brown_spot,brown_spot,0.9767853
Rice_Leaf_Diease/Rice_Leaf_Diease/test/brown_spot/brown_spot (57).jpg,brown_spot,brown_spot,0.99793625
Rice_Leaf_Diease/Rice_Leaf_Diease/test/brown_spot/brown_spot (58).jpg,brown_spot,brown_spot,0.99575704
Rice_Leaf_Diease/Rice_Leaf_Diease/test/brown_spot/brown_spot (59).jpg,brown_spot,brown_spot,0.9957165
Rice_Leaf_Diease/Rice_Leaf_Diease/test/brown_spot/brown_spot (6).jpg,brown_spot,brown_spot,0.8204
Rice_Leaf_Diease/Rice_Leaf_Diease/test/brown_spot/brown_spot (60).jpg,brown_spot,brown_spot,0.96168965
Rice_Leaf_Diease/Rice_Leaf_Diease/test/brown_spot/brown_spot (61).jpg,brown_spot,brown_spot,0.9607623
Rice_Leaf_Diease/Rice_Leaf_Diease/test/brown_spot/brown_spot (62).jpg,brown_spot,brown_spot,0.847469
Rice_Leaf_Diease/Rice_Leaf_Diease/test/brown_spot/brown_spot (63).jpg,brown_spot,brown_spot,0.9332959
Rice_Leaf_Diease/Rice_Leaf_Diease/test/brown_spot/brown_spot (64).jpg,brown_spot,rice_blast,0.981073
Rice_Leaf_Diease/Rice_Leaf_Diease/test/brown_spot/brown_spot (65).jpg,brown_spot,brown_spot,0.77733046
Rice_Leaf_Diease/Rice_Leaf_Diease/test/brown_spot/brown_spot (66).jpg,brown_spot,brown_spot,0.80761516
Rice_Leaf_Diease/Rice_Leaf_Diease/test/brown_spot/brown_spot (67).jpg,brown_spot,brown_spot,0.96483386
Rice_Leaf_Diease/Rice_Leaf_Diease/test/brown_spot/brown_spot (68).jpg,brown_spot,brown_spot,0.9800949
Rice_Leaf_Diease/Rice_Leaf_Diease/test/brown_spot/brown_spot (69).jpg,brown_spot,brown_spot,0.9768424
Rice_Leaf_Diease/Rice_Leaf_Diease/test/brown_spot/brown_spot (7).jpg,brown_spot,brown_spot,0.8579316
Rice_Leaf_Diease/Rice_Leaf_Diease/test/brown_spot/brown_spot (70).jpg,brown_spot,brown_spot,0.9888455
Rice_Leaf_Diease/Rice_Leaf_Diease/test/brown_spot/brown_spot (71).jpg,brown_spot,brown_spot,0.9836944
Rice_Leaf_Diease/Rice_Leaf_Diease/test/brown_spot/brown_spot (72).jpg,brown_spot,brown_spot,0.9827108
Rice_Leaf_Diease/Rice_Leaf_Diease/test/brown_spot/brown_spot (73).jpg,brown_spot,brown_spot,0.97620845
Rice_Leaf_Diease/Rice_Leaf_Diease/test/brown_spot/brown_spot (74).jpg,brown_spot,brown_spot,0.9781018
Rice_Leaf_Diease/Rice_Leaf_Diease/test/brown_spot/brown_spot (75).jpg,brown_spot,brown_spot,0.97564167
Rice_Leaf_Diease/Rice_Leaf_Diease/test/brown_spot/brown_spot (76).jpg,brown_spot,brown_spot,0.9744298
Rice_Leaf_Diease/Rice_Leaf_Diease/test/brown_spot/brown_spot (77).jpg,brown_spot,brown_spot,0.8726824
Rice_Leaf_Diease/Rice_Leaf_Diease/test/brown_spot/brown_spot (78).jpg,brown_spot,brown_spot,0.58900815
Rice_Leaf_Diease/Rice_Leaf_Diease/test/brown_spot/brown_spot (79).jpg,brown_spot,brown_spot,0.94792366
Rice_Leaf_Diease/Rice_Leaf_Diease/test/brown_spot/brown_spot (8).jpg,brown_spot,brown_spot,0.95593035
Rice_Leaf_Diease/Rice_Leaf_Diease/test/brown_spot/brown_spot (80).jpg,brown_spot,brown_spot,0.9502252
Rice_Leaf_Diease/Rice_Leaf_Diease/test/brown_spot/brown_spot (81).jpg,brown_spot,brown_spot,0.9851562
Rice_Leaf_Diease/Rice_Leaf_Diease/test/brown_spot/brown_spot (83).jpg,brown_spot,brown_spot,0.7984355
Rice_Leaf_Diease/Rice_Leaf_Diease/test/brown_spot/brown_spot (84).jpg,brown_spot,brown_spot,0.9500842
Rice_Leaf_Diease/Rice_Leaf_Diease/test/brown_spot/brown_spot (85).jpg,brown_spot,brown_spot,0.95835775
Rice_Leaf_Diease/Rice_Leaf_Diease/test/brown_spot/brown_spot (86).jpg,brown_spot,brown_spot,0.95036954
Rice_Leaf_Diease/Rice_Leaf_Diease/test/brown_spot/brown_spot (87).jpg,brown_spot,brown_spot,0.8509147
Rice_Leaf_Diease/Rice_Leaf_Diease/test/brown_spot/brown_spot (88).jpg,brown_spot,brown_spot,0.8137634
Rice_Leaf_Diease/Rice_Leaf_Diease/test/brown_spot/brown_spot (89).jpg,brown_spot,brown_spot,0.8052443
Rice_Leaf_Diease/Rice_Leaf_Diease/test/brown_spot/brown_spot (9).jpg,brown_spot,brown_spot,0.97968185
Rice_Leaf_Diease/Rice_Leaf_Diease/test/brown_spot/brown_spot (90).jpg,brown_spot,brown_spot,0.9660728
Rice_Leaf_Diease/Rice_Leaf_Diease/test/brown_spot/brown_spot (91).jpg,brown_spot,brown_spot,0.97724354
Rice_Leaf_Diease/Rice_Leaf_Diease/test/brown_spot/brown_spot (92).jpg,brown_spot,brown_spot,0.8728741
Rice_Leaf_Diease/Rice_Leaf_Diease/test/brown_spot/brown_spot (93).jpg,brown_spot,brown_spot,0.915303
Rice_Leaf_Diease/Rice_Leaf_Diease/test/brown_spot/brown_spot (94).jpg,brown_spot,brown_spot,0.95099556
Rice_Leaf_Diease/Rice_Leaf_Diease/test/brown_spot/brown_spot (95).jpg,brown_spot,brown_spot,0.96444815
Rice_Leaf_Diease/Rice_Leaf_Diease/test/brown_spot/brown_spot (99).JPG,brown_spot,brown_spot,0.95820975
Rice_Leaf_Diease/Rice_Leaf_Diease/test/brown_spot/IMG_20231014_171719.jpg,brown_spot,brown_spot,0.89546245
Rice_Leaf_Diease/Rice_Leaf_Diease/test/brown_spot/IMG_20231014_171720.jpg,brown_spot,brown_spot,0.97342277
Rice_Leaf_Diease/Rice_Leaf_Diease/test/brown_spot/IMG_20231014_172133.jpg,brown_spot,brown_spot,0.9673813
Rice_Leaf_Diease/Rice_Leaf_Diease/test/brown_spot/IMG_20231014_172149.jpg,brown_spot,brown_spot,0.9257789
Rice_Leaf_Diease/Rice_Leaf_Diease/test/brown_spot/IMG_20231014_172422.jpg,brown_spot,brown_spot,0.920624
Rice_Leaf_Diease/Rice_Leaf_Diease/test/brown_spot/IMG_20231014_172423.jpg,brown_spot,brown_spot,0.9919469
Rice_Leaf_Diease/Rice_Leaf_Diease/test/brown_spot/IMG_20231014_173237.jpg,brown_spot,rice_blast,0.49920493
Rice_Leaf_Diease/Rice_Leaf_Diease/test/brown_spot/IMG_20231014_173242.jpg,brown_spot,rice_blast,0.6651794
Rice_Leaf_Diease/Rice_Leaf_Diease/test/brown_spot/IMG_20231014_173243.jpg,brown_spot,brown_spot,0.81944215
Rice_Leaf_Diease/Rice_Leaf_Diease/test/brown_spot/IMG_20231014_173304.jpg,brown_spot,rice_blast,0.6321988
Rice_Leaf_Diease/Rice_Leaf_Diease/test/brown_spot/IMG_20231014_173306.jpg,brown_spot,brown_spot,0.9371965
Rice_Leaf_Diease/Rice_Leaf_Diease/test/brown_spot/IMG_20231018_142942.jpg,brown_spot,brown_spot,0.9810416
Rice_Leaf_Diease/Rice_Leaf_Diease/test/brown_spot/IMG_20231018_142945.jpg,brown_spot,rice_blast,0.68791544
Rice_Leaf_Diease/Rice_Leaf_Diease/test/brown_spot/IMG_20231018_142949.jpg,brown_spot,brown_spot,0.9643387
Rice_Leaf_Diease/Rice_Leaf_Diease/test/brown_spot/IMG_20231018_142950.jpg,brown_spot,brown_spot,0.9557073
Rice_Leaf_Diease/Rice_Leaf_Diease/test/brown_spot/IMG_20231018_142951.jpg,brown_spot,brown_spot,0.94124746
Rice_Leaf_Diease/Rice_Leaf_Diease/test/brown_spot/IMG_20231018_142956.jpg,brown_spot,brown_spot,0.97748166
Rice_Leaf_Diease/Rice_Leaf_Diease/test/brown_spot/IMG_20231018_142956_1.jpg,brown_spot,brown_spot,0.98443466
Rice_Leaf_Diease/Rice_Leaf_Diease/test/brown_spot/IMG_20231018_143020.jpg,brown_spot,brown_spot,0.8146661
Rice_Leaf_Diease/Rice_Leaf_Diease/test/brown_spot/IMG_20231018_143711 - Copy.jpg,brown_spot,brown_spot,0.849019
Rice_Leaf_Diease/Rice_Leaf_Diease/test/brown_spot/IMG_20231018_143715.jpg,brown_spot,brown_spot,0.78144574
Rice_Leaf_Diease/Rice_Leaf_Diease/test/brown_spot/IMG_20231018_143932.jpg,brown_spot,brown_spot,0.96711904
Rice_Leaf_Diease/Rice_Leaf_Diease/test/brown_spot/IMG_20231018_144202.jpg,brown_spot,brown_spot,0.9135101
Rice_Leaf_Diease/Rice_Leaf_Diease/test/brown_spot/IMG_20231018_144202_1.jpg,brown_spot,brown_spot,0.9295535
Rice_Leaf_Diease/Rice_Leaf_Diease/test/healthy/20231006_163255.jpg,healthy,healthy,0.85800475
Rice_Leaf_Diease/Rice_Leaf_Diease/test/healthy/20231006_163740.jpg,healthy,healthy,0.88379043
Rice_Leaf_Diease/Rice_Leaf_Diease/test/healthy/20231006_163746.jpg,healthy,healthy,0.637605
Rice_Leaf_Diease/Rice_Leaf_Diease/test/healthy/20231006_165517(0).jpg,healthy,healthy,0.9436259
Rice_Leaf_Diease/Rice_Leaf_Diease/test/healthy/20231006_165518.jpg,healthy,healthy,0.9370806
Rice_Leaf_Diease/Rice_Leaf_Diease/test/healthy/healthy (1).jpg,healthy,healthy,0.9659375
Rice_Leaf_Diease/Rice_Leaf_Diease/test/healthy/healthy (10).jpg,healthy,healthy,0.96074414
Rice_Leaf_Diease/Rice_Leaf_Diease/test/healthy/healthy (100).jpg,healthy,healthy,0.95751685
Rice_Leaf_Diease/Rice_Leaf_Diease/test/healthy/healthy (101).jpg,healthy,healthy,0.97083807
Rice_Leaf_Diease/Rice_Leaf_Diease/test/healthy/healthy (102).jpg,healthy,healthy,0.9658571
Rice_Leaf_Diease/Rice_Leaf_Diease/test/healthy/healthy (103).jpg,healthy,healthy,0.96904224
Rice_Leaf_Diease/Rice_Leaf_Diease/test/healthy/healthy (104).jpg,healthy,healthy,0.96569157
Rice_Leaf_Diease/Rice_Leaf_Diease/test/healthy/healthy (105).jpg,healthy,healthy,0.97628003
Rice_Leaf_Diease/Rice_Leaf_Diease/test/healthy/healthy (106).jpg,healthy,healthy,0.94446886
Rice_Leaf_Diease/Rice_Leaf_Diease/test/healthy/healthy (107).jpg,healthy,healthy,0.93036675
Rice_Leaf_Diease/Rice_Leaf_Diease/test/healthy/healthy (108).jpg,healthy,healthy,0.9644636
Rice_Leaf_Diease/Rice_Leaf_Diease/test/healthy/healthy (109).jpg,healthy,healthy,0.9700804
Rice_Leaf_Diease/Rice_Leaf_Diease/test/healthy/healthy (11).jpg,healthy,healthy,0.9659792
Rice_Leaf_Diease/Rice_Leaf_Diease/test/healthy/healthy (110).jpg,healthy,healthy,0.9641805
Rice_Leaf_Diease/Rice_Leaf_Diease/test/healthy/healthy (111).jpg,healthy,healthy,0.9596344
Rice_Leaf_Diease/Rice_Leaf_Diease/test/healthy/healthy (112).jpg,healthy,healthy,0.96330464
Rice_Leaf_Diease/Rice_Leaf_Diease/test/healthy/healthy (113).jpg,healthy,healthy,0.96927756
Rice_Leaf_Diease/Rice_Leaf_Diease/test/healthy/healthy (114).jpg,healthy,healthy,0.9640706
Rice_Leaf_Diease/Rice_Leaf_Diease/test/healthy/healthy (115).jpg,healthy,healthy,0.973977
Rice_Leaf_Diease/Rice_Leaf_Diease/test/healthy/healthy (116).jpg,healthy,healthy,0.961726
Rice_Leaf_Diease/Rice_Leaf_Diease/test/healthy/healthy (117).jpg,healthy,healthy,0.9493752
Rice_Leaf_Diease/Rice_Leaf_Diease/test/healthy/healthy (118).jpg,healthy,healthy,0.96212167
Rice_Leaf_Diease/Rice_Leaf_Diease/test/healthy/healthy (119).jpg,healthy,healthy,0.97053456
Rice_Leaf_Diease/Rice_Leaf_Diease/test/healthy/healthy (12).jpg,healthy,healthy,0.9666508
Rice_Leaf_Diease/Rice_Leaf_Diease/test/healthy/healthy (120).jpg,healthy,healthy,0.94521797
Rice_Leaf_Diease/Rice_Leaf_Diease/test/healthy/healthy (121).jpg,healthy,healthy,0.962891
Rice_Leaf_Diease/Rice_Leaf_Diease/test/healthy/healthy (122).jpg,healthy,healthy,0.9628134
Rice_Leaf_Diease/Rice_Leaf_Diease/test/healthy/healthy (123).jpg,healthy,healthy,0.9742852
Rice_Leaf_Diease/Rice_Leaf_Diease/test/healthy/healthy (124).jpg,healthy,healthy,0.9592316
Rice_Leaf_Diease/Rice_Leaf_Diease/test/healthy/healthy (125).jpg,healthy,healthy,0.9710367
Rice_Leaf_Diease/Rice_Leaf_Diease/test/healthy/healthy (126).jpg,healthy,healthy,0.9777263
Rice_Leaf_Diease/Rice_Leaf_Diease/test/healthy/healthy (127).jpg,healthy,healthy,0.96875113
Rice_Leaf_Diease/Rice_Leaf_Diease/test/healthy/healthy (128).jpg,healthy,healthy,0.9557541
Rice_Leaf_Diease/Rice_Leaf_Diease/test/healthy/healthy (129).jpg,healthy,healthy,0.9707354
Rice_Leaf_Diease/Rice_Leaf_Diease/test/healthy/healthy (13).jpg,healthy,healthy,0.9533056
Rice_Leaf_Diease/Rice_Leaf_Diease/test/healthy/healthy (130).jpg,healthy,healthy,0.9453284
Rice_Leaf_Diease/Rice_Leaf_Diease/test/healthy/healthy (131).jpg,healthy,healthy,0.95509034
Rice_Leaf_Diease/Rice_Leaf_Diease/test/healthy/healthy (132).jpg,healthy,healthy,0.96805835
Rice_Leaf_Diease/Rice_Leaf_Diease/test/healthy/healthy (133).jpg,healthy,healthy,0.9791611
Rice_Leaf_Diease/Rice_Leaf_Diease/test/healthy/healthy (134).jpg,healthy,healthy,0.9707963
Rice_Leaf_Diease/Rice_Leaf_Diease/test/healthy/healthy (135).jpg,healthy,healthy,0.90482867
Rice_Leaf_Diease/Rice_Leaf_Diease/test/healthy/healthy (136).jpg,healthy,healthy,0.9017073
Rice_Leaf_Diease/Rice_Leaf_Diease/test/healthy/healthy (137).jpg,healthy,healthy,0.8443862
Rice_Leaf_Diease/Rice_Leaf_Diease/test/healthy/healthy (138).jpg,healthy,healthy,0.9558528
Rice_Leaf_Diease/Rice_Leaf_Diease/test/healthy/healthy (139).jpg,healthy,healthy,0.9421576
Rice_Leaf_Diease/Rice_Leaf_Diease/test/healthy/healthy (14).jpg,healthy,healthy,0.97278714
Rice_Leaf_Diease/Rice_Leaf_Diease/test/healthy/healthy (140).jpg,healthy,healthy,0.926874
Rice_Leaf_Diease/Rice_Leaf_Diease/test/healthy/healthy (141).jpg,healthy,healthy,0.9502775
Rice_Leaf_Diease/Rice_Leaf_Diease/test/healthy/healthy (142).jpg,healthy,healthy,0.9558443
Rice_Leaf_Diease/Rice_Leaf_Diease/test/healthy/healthy (143).jpg,healthy,healthy,0.9643702
Rice_Leaf_Diease/Rice_Leaf_Diease/test/healthy/healthy (144).jpg,healthy,healthy,0.971511
Rice_Leaf_Diease/Rice_Leaf_Diease/test/healthy/healthy (145).jpg,healthy,healthy,0.95852166
Rice_Leaf_Diease/Rice_Leaf_Diease/test/healthy/healthy (146).jpg,healthy,healthy,0.9660217
Rice_Leaf_Diease/Rice_Leaf_Diease/test/healthy/healthy (147).jpg,healthy,healthy,0.95247996
Rice_Leaf_Diease/Rice_Leaf_Diease/test/healthy/healthy (148).jpg,healthy,healthy,0.95397127
Rice_Leaf_Diease/Rice_Leaf_Diease/test/healthy/healthy (149).jpg,healthy,healthy,0.96010906
Rice_Leaf_Diease/Rice_Leaf_Diease/test/healthy/healthy (15).jpg,healthy,healthy,0.90267915
Rice_Leaf_Diease/Rice_Leaf_Diease/test/healthy/healthy (150).jpg,healthy,healthy,0.96592206
Rice_Leaf_Diease/Rice_Leaf_Diease/test/healthy/healthy (151).jpg,healthy,healthy,0.964265
Rice_Leaf_Diease/Rice_Leaf_Diease/test/healthy/healthy (152).jpg,healthy,healthy,0.902801
Rice_Leaf_Diease/Rice_Leaf_Diease/test/healthy/healthy (153).jpg,healthy,healthy,0.9332805
Rice_Leaf_Diease/Rice_Leaf_Diease/test/healthy/healthy (154).jpg,healthy,healthy,0.96064943
Rice_Leaf_Diease/Rice_Leaf_Diease/test/healthy/healthy (155).jpg,healthy,healthy,0.9589761
Rice_Leaf_Diease/Rice_Leaf_Diease/test/healthy/healthy (156).jpg,healthy,healthy,0.95067406
Rice_Leaf_Diease/Rice_Leaf_Diease/test/healthy/healthy (157).jpg,healthy,healthy,0.95152926
Rice_Leaf_Diease/Rice_Leaf_Diease/test/healthy/healthy (158).jpg,healthy,healthy,0.95194477
Rice_Leaf_Diease/Rice_Leaf_Diease/test/healthy/healthy (159).jpg,healthy,healthy,0.933414
Rice_Leaf_Diease/Rice_Leaf_Diease/test/healthy/healthy (16).jpg,healthy,healthy,0.85793895
Rice_Leaf_Diease/Rice_Leaf_Diease/test/healthy/healthy (160).jpg,healthy,healthy,0.93473434
Rice_Leaf_Diease/Rice_Leaf_Diease/test/healthy/healthy (161).jpg,healthy,healthy,0.9612635
Rice_Leaf_Diease/Rice_Leaf_Diease/test/healthy/healthy (162).jpg,healthy,healthy,0.9665668
Rice_Leaf_Diease/Rice_Leaf_Diease/test/healthy/healthy (163).jpg,healthy,healthy,0.9531129
Rice_Leaf_Diease/Rice_Leaf_Diease/test/healthy/healthy (164).jpg,healthy,healthy,0.96487135
Rice_Leaf_Diease/Rice_Leaf_Diease/test/healthy/healthy (165).jpg,healthy,healthy,0.9570992
Rice_Leaf_Diease/Rice_Leaf_Diease/test/healthy/healthy (166).jpg,healthy,healthy,0.96448195
Rice_Leaf_Diease/Rice_Leaf_Diease/test/healthy/healthy (167).jpg,healthy,healthy,0.9587682
Rice_Leaf_Diease/Rice_Leaf_Diease/test/healthy/healthy (168).jpg,healthy,healthy,0.9271984
Rice_Leaf_Diease/Rice_Leaf_Diease/test/healthy/healthy (169).jpg,healthy,healthy,0.94025075
Rice_Leaf_Diease/Rice_Leaf_Diease/test/healthy/healthy (17).jpg,healthy,healthy,0.89787054
Rice_Leaf_Diease/Rice_Leaf_Diease/test/healthy/healthy (170).jpg,healthy,healthy,0.8251314
Rice_Leaf_Diease/Rice_Leaf_Diease/test/healthy/healthy (171).jpg,healthy,healthy,0.9654093
Rice_Leaf_Diease/Rice_Leaf_Diease/test/healthy/healthy (172).jpg,healthy,healthy,0.969788
Rice_Leaf_Diease/Rice_Leaf_Diease/test/healthy/healthy (173).jpg,healthy,healthy,0.9618289
Rice_Leaf_Diease/Rice_Leaf_Diease/test/healthy/healthy (174).jpg,healthy,healthy,0.9654067
Rice_Leaf_Diease/Rice_Leaf_Diease/test/healthy/healthy (175).jpg,healthy,healthy,0.94265676
Rice_Leaf_Diease/Rice_Leaf_Diease/test/healthy/healthy (176).jpg,healthy,healthy,0.95642823
Rice_Leaf_Diease/Rice_Leaf_Diease/test/healthy/healthy (177).jpg,healthy,healthy,0.96526504
Rice_Leaf_Diease/Rice_Leaf_Diease/test/healthy/healthy (178).jpg,healthy,healthy,0.9632942
Rice_Leaf_Diease/Rice_Leaf_Diease/test/healthy/healthy (179).jpg,healthy,healthy,0.960054
Rice_Leaf_Diease/Rice_Leaf_Diease/test/healthy/healthy (18).jpg,healthy,healthy,0.93210673
Rice_Leaf_Diease/Rice_Leaf_Diease/test/healthy/healthy (180).jpg,healthy,healthy,0.95439225
Rice_Leaf_Diease/Rice_Leaf_Diease/test/healthy/healthy (181).jpg,healthy,healthy,0.9523108
Rice_Leaf_Diease/Rice_Leaf_Diease/test/healthy/healthy (182).jpg,healthy,healthy,0.9627565
Rice_Leaf_Diease/Rice_Leaf_Diease/test/healthy/healthy (183).jpg,healthy,healthy,0.96242446
Rice_Leaf_Diease/Rice_Leaf_Diease/test/healthy/healthy (184).jpg,healthy,healthy,0.973238
Rice_Leaf_Diease/Rice_Leaf_Diease/test/healthy/healthy (185).jpg,healthy,healthy,0.9688354
Rice_Leaf_Diease/Rice_Leaf_Diease/test/healthy/healthy (186).jpg,healthy,healthy,0.9574267
Rice_Leaf_Diease/Rice_Leaf_Diease/test/healthy/healthy (187).jpg,healthy,healthy,0.95956856
Rice_Leaf_Diease/Rice_Leaf_Diease/test/healthy/healthy (188).jpg,healthy,healthy,0.8699215
Rice_Leaf_Diease/Rice_Leaf_Diease/test/healthy/healthy (189).jpg,healthy,healthy,0.9194763
Rice_Leaf_Diease/Rice_Leaf_Diease/test/healthy/healthy (19).jpg,healthy,healthy,0.90474576
Rice_Leaf_Diease/Rice_Leaf_Diease/test/healthy/healthy (190).jpg,healthy,healthy,0.9685168
Rice_Leaf_Diease/Rice_Leaf_Diease/test/healthy/healthy (191).jpg,healthy,healthy,0.961794
Rice_Leaf_Diease/Rice_Leaf_Diease/test/healthy/healthy (192).jpg,healthy,healthy,0.9608921
Rice_Leaf_Diease/Rice_Leaf_Diease/test/healthy/healthy (193).jpg,healthy,healthy,0.976174
Rice_Leaf_Diease/Rice_Leaf_Diease/test/healthy/healthy (194).jpg,healthy,healthy,0.95366
Rice_Leaf_Diease/Rice_Leaf_Diease/test/healthy/healthy (195).jpg,healthy,healthy,0.9705846
Rice_Leaf_Diease/Rice_Leaf_Diease/test/healthy/healthy (196).jpg,healthy,healthy,0.9649774
Rice_Leaf_Diease/Rice_Leaf_Diease/test/healthy/healthy (197).jpg,healthy,healthy,0.96376073
Rice_Leaf_Diease/Rice_Leaf_Diease/test/healthy/healthy (20).jpg,healthy,healthy,0.95638096
Rice_Leaf_Diease/Rice_Leaf_Diease/test/healthy/healthy (21).jpg,healthy,healthy,0.94472444
Rice_Leaf_Diease/Rice_Leaf_Diease/test/healthy/healthy (216).jpg,healthy,healthy,0.9562656
Rice_Leaf_Diease/Rice_Leaf_Diease/test/healthy/healthy (217).jpg,healthy,healthy,0.95386374
Rice_Leaf_Diease/Rice_Leaf_Diease/test/healthy/healthy (218).jpg,healthy,healthy,0.95310926
Rice_Leaf_Diease/Rice_Leaf_Diease/test/healthy/healthy (219).jpg,healthy,healthy,0.96179324
Rice_Leaf_Diease/Rice_Leaf_Diease/test/healthy/healthy (22).jpg,healthy,healthy,0.96969134
Rice_Leaf_Diease/Rice_Leaf_Diease/test/healthy/healthy (220).jpg,healthy,healthy,0.96597165
Rice_Leaf_Diease/Rice_Leaf_Diease/test/healthy/healthy (221).jpg,healthy,healthy,0.94981354
Rice_Leaf_Diease/Rice_Leaf_Diease/test/healthy/healthy (222).jpg,healthy,healthy,0.96166945
Rice_Leaf_Diease/Rice_Leaf_Diease/test/healthy/healthy (223).jpg,healthy,healthy,0.9721103
Rice_Leaf_Diease/Rice_Leaf_Diease/test/healthy/healthy (224).jpg,healthy,healthy,0.95384586
Rice_Leaf_Diease/Rice_Leaf_Diease/test/healthy/healthy (225).jpg,healthy,healthy,0.9328082
Rice_Leaf_Diease/Rice_Leaf_Diease/test/healthy/healthy (226).jpg,healthy,healthy,0.95609933
Rice_Leaf_Diease/Rice_Leaf_Diease/test/healthy/healthy (227).jpg,healthy,healthy,0.95357305
Rice_Leaf_Diease/Rice_Leaf_Diease/test/healthy/healthy (228).jpg,healthy,healthy,0.97065294
Rice_Leaf_Diease/Rice_Leaf_Diease/test/healthy/healthy (229).jpg,healthy,healthy,0.97022295
Rice_Leaf_Diease/Rice_Leaf_Diease/test/healthy/healthy (23).jpg,healthy,healthy,0.97210807
Rice_Leaf_Diease/Rice_Leaf_Diease/test/healthy/healthy (230).jpg,healthy,healthy,0.7952699
Rice_Leaf_Diease/Rice_Leaf_Diease/test/healthy/healthy (231).jpg,healthy,healthy,0.94622564
Rice_Leaf_Diease/Rice_Leaf_Diease/test/healthy/healthy (232).jpg,healthy,healthy,0.9618204
Rice_Leaf_Diease/Rice_Leaf_Diease/test/healthy/healthy (233).jpg,healthy,healthy,0.9567049
Rice_Leaf_Diease/Rice_Leaf_Diease/test/healthy/healthy (234).jpg,healthy,healthy,0.9578042
Rice_Leaf_Diease/Rice_Leaf_Diease/test/healthy/healthy (235).jpg,healthy,healthy,0.95603156
Rice_Leaf_Diease/Rice_Leaf_Diease/test/healthy/healthy (236).jpg,healthy,healthy,0.9751933
Rice_Leaf_Diease/Rice_Leaf_Diease/test/healthy/healthy (237).jpg,healthy,healthy,0.9486596
Rice_Leaf_Diease/Rice_Leaf_Diease/test/healthy/healthy (238).jpg,healthy,healthy,0.9544888
Rice_Leaf_Diease/Rice_Leaf_Diease/test/healthy/healthy (239).jpg,healthy,healthy,0.95513034
Rice_Leaf_Diease/Rice_Leaf_Diease/test/healthy/healthy (24).jpg,healthy,healthy,0.9656793
Rice_Leaf_Diease/Rice_Leaf_Diease/test/healthy/healthy (240).jpg,healthy,healthy,0.95401293
Rice_Leaf_Diease/Rice_Leaf_Diease/test/healthy/healthy (241).jpg,healthy,healthy,0.9549404
Rice_Leaf_Diease/Rice_Leaf_Diease/test/healthy/healthy (242).jpg,healthy,healthy,0.95918775
Rice_Leaf_Diease/Rice_Leaf_Diease/test/healthy/healthy (243).jpg,healthy,healthy,0.97253734
Rice_Leaf_Diease/Rice_Leaf_Diease/test/healthy/healthy (244).jpg,healthy,healthy,0.96416473
Rice_Leaf_Diease/Rice_Leaf_Diease/test/healthy/healthy (245).jpg,healthy,healthy,0.96341294
Rice_Leaf_Diease/Rice_Leaf_Diease/test/healthy/healthy (246).jpg,healthy,healthy,0.96515733
Rice_Leaf_Diease/Rice_Leaf_Diease/test/healthy/healthy (247).jpg,healthy,healthy,0.97154576
Rice_Leaf_Diease/Rice_Leaf_Diease/test/healthy/healthy (248).jpg,healthy,healthy,0.95538753
Rice_Leaf_Diease/Rice_Leaf_Diease/test/healthy/healthy (249).jpg,healthy,healthy,0.95733064
Rice_Leaf_Diease/Rice_Leaf_Diease/test/healthy/healthy (25).jpg,healthy,healthy,0.94310313
Rice_Leaf_Diease/Rice_Leaf_Diease/test/healthy/healthy (250).jpg,healthy,healthy,0.91225165
Rice_Leaf_Diease/Rice_Leaf_Diease/test/healthy/healthy (251).jpg,healthy,healthy,0.9394887
Rice_Leaf_Diease/Rice_Leaf_Diease/test/healthy/healthy (252).jpg,healthy,healthy,0.93540496
Rice_Leaf_Diease/Rice_Leaf_Diease/test/healthy/healthy (253).jpg,healthy,healthy,0.97031546
Rice_Leaf_Diease/Rice_Leaf_Diease/test/healthy/healthy (254).jpg,healthy,healthy,0.9502672
Rice_Leaf_Diease/Rice_Leaf_Diease/test/healthy/healthy (255).jpg,healthy,healthy,0.97041523
Rice_Leaf_Diease/Rice_Leaf_Diease/test/healthy/healthy (256).jpg,healthy,healthy,0.9611814
Rice_Leaf_Diease/Rice_Leaf_Diease/test/healthy/healthy (257).jpg,healthy,healthy,0.9558102
Rice_Leaf_Diease/Rice_Leaf_Diease/test/healthy/healthy (258).jpg,healthy,healthy,0.96984124
Rice_Leaf_Diease/Rice_Leaf_Diease/test/healthy/healthy (259).jpg,healthy,healthy,0.96467054
Rice_Leaf_Diease/Rice_Leaf_Diease/test/healthy/healthy (26).jpg,healthy,healthy,0.9521023
Rice_Leaf_Diease/Rice_Leaf_Diease/test/healthy/healthy (260).jpg,healthy,healthy,0.9678565
Rice_Leaf_Diease/Rice_Leaf_Diease/test/healthy/healthy (261).jpg,healthy,healthy,0.94399846
Rice_Leaf_Diease/Rice_Leaf_Diease/test/healthy/healthy (262).jpg,healthy,healthy,0.9541575
Rice_Leaf_Diease/Rice_Leaf_Diease/test/healthy/healthy (263).jpg,healthy,healthy,0.95527166
Rice_Leaf_Diease/Rice_Leaf_Diease/test/healthy/healthy (264).jpg,healthy,healthy,0.97244895
Rice_Leaf_Diease/Rice_Leaf_Diease/test/healthy/healthy (265).jpg,healthy,healthy,0.9531032
Rice_Leaf_Diease/Rice_Leaf_Diease/test/healthy/healthy (266).jpg,healthy,healthy,0.9523994
Rice_Leaf_Diease/Rice_Leaf_Diease/test/healthy/healthy (267).jpg,healthy,healthy,0.9379938
Rice_Leaf_Diease/Rice_Leaf_Diease/test/healthy/healthy (268).jpg,healthy,healthy,0.96157575
Rice_Leaf_Diease/Rice_Leaf_Diease/test/healthy/healthy (269).jpg,healthy,healthy,0.98159903
Rice_Leaf_Diease/Rice_Leaf_Diease/test/healthy/healthy (27).jpg,healthy,healthy,0.98162293
Rice_Leaf_Diease/Rice_Leaf_Diease/test/healthy/healthy (28).jpg,healthy,healthy,0.97626865
Rice_Leaf_Diease/Rice_Leaf_Diease/test/healthy/healthy (29).jpg,healthy,healthy,0.96252364
Rice_Leaf_Diease/Rice_Leaf_Diease/test/healthy/healthy (30).jpg,healthy,healthy,0.962873
Rice_Leaf_Diease/Rice_Leaf_Diease/test/healthy/healthy (31).jpg,healthy,healthy,0.94152147
Rice_Leaf_Diease/Rice_Leaf_Diease/test/healthy/healthy (312).jpg,healthy,healthy,0.871194
Rice_Leaf_Diease/Rice_Leaf_Diease/test/healthy/healthy (313).jpg,healthy,healthy,0.9724793
Rice_Leaf_Diease/Rice_Leaf_Diease/test/healthy/healthy (314).jpg,healthy,healthy,0.95795435
Rice_Leaf_Diease/Rice_Leaf_Diease/test/healthy/healthy (315).jpg,healthy,healthy,0.9602
Rice_Leaf_Diease/Rice_Leaf_Diease/test/healthy/healthy (316).jpg,healthy,healthy,0.9524962
Rice_Leaf_Diease/Rice_Leaf_Diease/test/healthy/healthy (317).jpg,healthy,healthy,0.97187334
Rice_Leaf_Diease/Rice_Leaf_Diease/test/healthy/healthy (318).jpg,healthy,healthy,0.9640505
Rice_Leaf_Diease/Rice_Leaf_Diease/test/healthy/healthy (319).jpg,healthy,healthy,0.9749552
Rice_Leaf_Diease/Rice_Leaf_Diease/test/healthy/healthy (32).jpg,healthy,healthy,0.9441495
Rice_Leaf_Diease/Rice_Leaf_Diease/test/healthy/healthy (320).jpg,healthy,healthy,0.96429646
Rice_Leaf_Diease/Rice_Leaf_Diease/test/healthy/healthy (321).jpg,healthy,healthy,0.9594296
Rice_Leaf_Diease/Rice_Leaf_Diease/test/healthy/healthy (322).jpg,healthy,healthy,0.94850206
Rice_Leaf_Diease/Rice_Leaf_Diease/test/healthy/healthy (323).jpg,healthy,healthy,0.9662496
Rice_Leaf_Diease/Rice_Leaf_Diease/test/healthy/healthy (324).jpg,healthy,healthy,0.9674618
Rice_Leaf_Diease/Rice_Leaf_Diease/test/healthy/healthy (325).jpg,healthy,healthy,0.96565306
Rice_Leaf_Diease/Rice_Leaf_Diease/test/healthy/healthy (326).jpg,healthy,healthy,0.9673496
Rice_Leaf_Diease/Rice_Leaf_Diease/test/healthy/healthy (327).jpg,healthy,healthy,0.9311595
Rice_Leaf_Diease/Rice_Leaf_Diease/test/healthy/healthy (328).jpg,healthy,healthy,0.9630818
Rice_Leaf_Diease/Rice_Leaf_Diease/test/healthy/healthy (329).jpg,healthy,healthy,0.9562472
Rice_Leaf_Diease/Rice_Leaf_Diease/test/healthy/healthy (33).jpg,healthy,healthy,0.9715546
Rice_Leaf_Diease/Rice_Leaf_Diease/test/healthy/healthy (335).jpg,healthy,healthy,0.9719154
Rice_Leaf_Diease/Rice_Leaf_Diease/test/healthy/healthy (336).jpg,healthy,healthy,0.9651366
Rice_Leaf_Diease/Rice_Leaf_Diease/test/healthy/healthy (337).jpg,healthy,healthy,0.97908586
Rice_Leaf_Diease/Rice_Leaf_Diease/test/healthy/healthy (338).jpg,healthy,healthy,0.95915043
Rice_Leaf_Diease/Rice_Leaf_Diease/test/healthy/healthy (339).jpg,healthy,healthy,0.9728467
Rice_Leaf_Diease/Rice_Leaf_Diease/test/healthy/healthy (34).jpg,healthy,healthy,0.96584207
Rice_Leaf_Diease/Rice_Leaf_Diease/test/healthy/healthy (340).jpg,healthy,healthy,0.97609305
Rice_Leaf_Diease/Rice_Leaf_Diease/test/healthy/healthy (341).jpg,healthy,healthy,0.9594551
Rice_Leaf_Diease/Rice_Leaf_Diease/test/healthy/healthy (342).jpg,healthy,healthy,0.97652847
Rice_Leaf_Diease/Rice_Leaf_Diease/test/healthy/healthy (343).jpg,healthy,healthy,0.9662094
Rice_Leaf_Diease/Rice_Leaf_Diease/test/healthy/healthy (344).jpg,healthy,healthy,0.98227847
Rice_Leaf_Diease/Rice_Leaf_Diease/test/healthy/healthy (345).jpg,healthy,healthy,0.56493956
Rice_Leaf_Diease/Rice_Leaf_Diease/test/healthy/healthy (346).jpg,healthy,healthy,0.9394302
Rice_Leaf_Diease/Rice_Leaf_Diease/test/healthy/healthy (347).jpg,healthy,healthy,0.95270073
Rice_Leaf_Diease/Rice_Leaf_Diease/test/healthy/healthy (348).jpg,healthy,healthy,0.9716045
Rice_Leaf_Diease/Rice_Leaf_Diease/test/healthy/healthy (349).jpg,healthy,healthy,0.94692886
Rice_Leaf_Diease/Rice_Leaf_Diease/test/healthy/healthy (35).jpg,healthy,healthy,0.9642998
Rice_Leaf_Diease/Rice_Leaf_Diease/test/healthy/healthy (350).jpg,healthy,healthy,0.96974957
Rice_Leaf_Diease/Rice_Leaf_Diease/test/healthy/healthy (36).jpg,healthy,healthy,0.96728134
Rice_Leaf_Diease/Rice_Leaf_Diease/test/healthy/healthy (37).jpg,healthy,healthy,0.97976124
Rice_Leaf_Diease/Rice_Leaf_Diease/test/healthy/healthy (38).jpg,healthy,healthy,0.9753634
Rice_Leaf_Diease/Rice_Leaf_Diease/test/healthy/healthy (39).jpg,healthy,healthy,0.97707695
Rice_Leaf_Diease/Rice_Leaf_Diease/test/healthy/healthy (4).jpg,healthy,healthy,0.9705945
Rice_Leaf_Diease/Rice_Leaf_Diease/test/healthy/healthy (40).jpg,healthy,healthy,0.962256
Rice_Leaf_Diease/Rice_Leaf_Diease/test/healthy/healthy (41).jpg,healthy,healthy,0.93673366
Rice_Leaf_Diease/Rice_Leaf_Diease/test/healthy/healthy (42).jpg,healthy,healthy,0.92781997
Rice_Leaf_Diease/Rice_Leaf_Diease/test/healthy/healthy (43).jpg,healthy,healthy,0.9302821
Rice_Leaf_Diease/Rice_Leaf_Diease/test/healthy/healthy (44).jpg,healthy,healthy,0.9758616
Rice_Leaf_Diease/Rice_Leaf_Diease/test/healthy/healthy (45).jpg,healthy,healthy,0.9711269
Rice_Leaf_Diease/Rice_Leaf_Diease/test/healthy/healthy (46).jpg,healthy,healthy,0.9726512
Rice_Leaf_Diease/Rice_Leaf_Diease/test/healthy/healthy (47).jpg,healthy,healthy,0.96444225
Rice_Leaf_Diease/Rice_Leaf_Diease/test/healthy/healthy (48).jpg,healthy,healthy,0.95588243
Rice_Leaf_Diease/Rice_Leaf_Diease/test/healthy/healthy (49).jpg,healthy,rice_blast,0.54404724
Rice_Leaf_Diease/Rice_Leaf_Diease/test/healthy/healthy (5).jpg,healthy,healthy,0.96120733
Rice_Leaf_Diease/Rice_Leaf_Diease/test/healthy/healthy (50).jpg,healthy,healthy,0.98087454
Rice_Leaf_Diease/Rice_Leaf_Diease/test/healthy/healthy (51).jpg,healthy,healthy,0.96924746
Rice_Leaf_Diease/Rice_Leaf_Diease/test/healthy/healthy (52).jpg,healthy,healthy,0.97014475
Rice_Leaf_Diease/Rice_Leaf_Diease/test/healthy/healthy (53).jpg,healthy,healthy,0.97240555
Rice_Leaf_Diease/Rice_Leaf_Diease/test/healthy/healthy (54).jpg,healthy,healthy,0.96809065
Rice_Leaf_Diease/Rice_Leaf_Diease/test/healthy/healthy (55).jpg,healthy,healthy,0.97951484
Rice_Leaf_Diease/Rice_Leaf_Diease/test/healthy/healthy (56).jpg,healthy,healthy,0.9782875
Rice_Leaf_Diease/Rice_Leaf_Diease/test/healthy/healthy (57).jpg,healthy,healthy,0.95805556
Rice_Leaf_Diease/Rice_Leaf_Diease/test/healthy/healthy (58).jpg,healthy,healthy,0.9679464
Rice_Leaf_Diease/Rice_Leaf_Diease/test/healthy/healthy (59).jpg,healthy,healthy,0.9577391
Rice_Leaf_Diease/Rice_Leaf_Diease/test/healthy/healthy (6).jpg,healthy,healthy,0.96472055
Rice_Leaf_Diease/Rice_Leaf_Diease/test/healthy/healthy (60).jpg,healthy,healthy,0.95924467
Rice_Leaf_Diease/Rice_Leaf_Diease/test/healthy/healthy (61).jpg,healthy,healthy,0.9706171
Rice_Leaf_Diease/Rice_Leaf_Diease/test/healthy/healthy (62).jpg,healthy,healthy,0.9630452
Rice_Leaf_Diease/Rice_Leaf_Diease/test/healthy/healthy (63).jpg,healthy,healthy,0.96308833
Rice_Leaf_Diease/Rice_Leaf_Diease/test/healthy/healthy (64).jpg,healthy,healthy,0.9617705
Rice_Leaf_Diease/Rice_Leaf_Diease/test/healthy/healthy (65).jpg,healthy,healthy,0.9762157
Rice_Leaf_Diease/Rice_Leaf_Diease/test/healthy/healthy (66).jpg,healthy,healthy,0.96026266
Rice_Leaf_Diease/Rice_Leaf_Diease/test/healthy/healthy (67).jpg,healthy,healthy,0.96496505
Rice_Leaf_Diease/Rice_Leaf_Diease/test/healthy/healthy (68).jpg,healthy,healthy,0.97098374
Rice_Leaf_Diease/Rice_Leaf_Diease/test/healthy/healthy (69).jpg,healthy,healthy,0.97952145
Rice_Leaf_Diease/Rice_Leaf_Diease/test/healthy/healthy (7).jpg,healthy,healthy,0.95958143
Rice_Leaf_Diease/Rice_Leaf_Diease/test/healthy/healthy (70).jpg,healthy,healthy,0.9624186
Rice_Leaf_Diease/Rice_Leaf_Diease/test/healthy/healthy (71).jpg,healthy,healthy,0.94950145
Rice_Leaf_Diease/Rice_Leaf_Diease/test/healthy/healthy (72).jpg,healthy,healthy,0.9604355
Rice_Leaf_Diease/Rice_Leaf_Diease/test/healthy/healthy (73).jpg,healthy,healthy,0.9603161
Rice_Leaf_Diease/Rice_Leaf_Diease/test/healthy/healthy (74).jpg,healthy,healthy,0.9553308
Rice_Leaf_Diease/Rice_Leaf_Diease/test/healthy/healthy (75).jpg,healthy,healthy,0.9816108
Rice_Leaf_Diease/Rice_Leaf_Diease/test/healthy/healthy (76).jpg,healthy,healthy,0.9735333
Rice_Leaf_Diease/Rice_Leaf_Diease/test/healthy/healthy (77).jpg,healthy,healthy,0.97381365
Rice_Leaf_Diease/Rice_Leaf_Diease/test/healthy/healthy (78).jpg,healthy,healthy,0.9811612
Rice_Leaf_Diease/Rice_Leaf_Diease/test/healthy/healthy (79).jpg,healthy,healthy,0.9777139
Rice_Leaf_Diease/Rice_Leaf_Diease/test/healthy/healthy (80).jpg,healthy,healthy,0.9622925
Rice_Leaf_Diease/Rice_Leaf_Diease/test/healthy/healthy (81).jpg,healthy,healthy,0.97155577
Rice_Leaf_Diease/Rice_Leaf_Diease/test/healthy/healthy (82).jpg,healthy,healthy,0.9790349
Rice_Leaf_Diease/Rice_Leaf_Diease/test/healthy/healthy (83).jpg,healthy,healthy,0.97988117
Rice_Leaf_Diease/Rice_Leaf_Diease/test/healthy/healthy (84).jpg,healthy,healthy,0.9692879
Rice_Leaf_Diease/Rice_Leaf_Diease/test/healthy/healthy (86).jpg,healthy,healthy,0.97295207
Rice_Leaf_Diease/Rice_Leaf_Diease/test/healthy/healthy (87).jpg,healthy,healthy,0.97142035
Rice_Leaf_Diease/Rice_Leaf_Diease/test/healthy/healthy (88).jpg,healthy,healthy,0.9560966
Rice_Leaf_Diease/Rice_Leaf_Diease/test/healthy/healthy (89).jpg,healthy,healthy,0.97529525
Rice_Leaf_Diease/Rice_Leaf_Diease/test/healthy/healthy (90).jpg,healthy,healthy,0.9646499
Rice_Leaf_Diease/Rice_Leaf_Diease/test/healthy/healthy (91).jpg,healthy,healthy,0.9513657
Rice_Leaf_Diease/Rice_Leaf_Diease/test/healthy/healthy (92).jpg,healthy,healthy,0.957983
Rice_Leaf_Diease/Rice_Leaf_Diease/test/healthy/healthy (93).jpg,healthy,healthy,0.95914614
Rice_Leaf_Diease/Rice_Leaf_Diease/test/healthy/healthy (94).jpg,healthy,healthy,0.949368
Rice_Leaf_Diease/Rice_Leaf_Diease/test/healthy/healthy (95).jpg,healthy,healthy,0.97281384
Rice_Leaf_Diease/Rice_Leaf_Diease/test/healthy/healthy (96).jpg,healthy,healthy,0.9822863
Rice_Leaf_Diease/Rice_Leaf_Diease/test/healthy/healthy (97).jpg,healthy,healthy,0.9525446
Rice_Leaf_Diease/Rice_Leaf_Diease/test/healthy/healthy (98).jpg,healthy,healthy,0.9639849
Rice_Leaf_Diease/Rice_Leaf_Diease/test/healthy/healthy (99).jpg,healthy,healthy,0.9075325
Rice_Leaf_Diease/Rice_Leaf_Diease/test/healthy/Healthy_rice_leaf (104).jpg,healthy,healthy,0.9294604
Rice_Leaf_Diease/Rice_Leaf_Diease/test/healthy/Healthy_rice_leaf (105).jpg,healthy,healthy,0.9670563
Rice_Leaf_Diease/Rice_Leaf_Diease/test/healthy/Healthy_rice_leaf (106).jpg,healthy,healthy,0.98122495
Rice_Leaf_Diease/Rice_Leaf_Diease/test/healthy/Healthy_rice_leaf (107).jpg,healthy,healthy,0.9364121
Rice_Leaf_Diease/Rice_Leaf_Diease/test/healthy/Healthy_rice_leaf (108).jpg,healthy,healthy,0.933272
Rice_Leaf_Diease/Rice_Leaf_Diease/test/healthy/Healthy_rice_leaf (112).jpg,healthy,healthy,0.9430906
Rice_Leaf_Diease/Rice_Leaf_Diease/test/healthy/Healthy_rice_leaf (113).jpg,healthy,healthy,0.95560324
Rice_Leaf_Diease/Rice_Leaf_Diease/test/healthy/Healthy_rice_leaf (114).jpg,healthy,healthy,0.9556228
Rice_Leaf_Diease/Rice_Leaf_Diease/test/healthy/Healthy_rice_leaf (115).jpg,healthy,healthy,0.93541354
Rice_Leaf_Diease/Rice_Leaf_Diease/test/healthy/Healthy_rice_leaf (116).jpg,healthy,healthy,0.9337701
Rice_Leaf_Diease/Rice_Leaf_Diease/test/healthy/Healthy_rice_leaf (117).jpg,healthy,healthy,0.9443473
Rice_Leaf_Diease/Rice_Leaf_Diease/test/healthy/Healthy_rice_leaf (12).jpg,healthy,healthy,0.9370236
Rice_Leaf_Diease/Rice_Leaf_Diease/test/healthy/Healthy_rice_leaf (120).jpg,healthy,healthy,0.9410599
Rice_Leaf_Diease/Rice_Leaf_Diease/test/healthy/Healthy_rice_leaf (121).jpg,healthy,healthy,0.9671399
Rice_Leaf_Diease/Rice_Leaf_Diease/test/healthy/Healthy_rice_leaf (122).jpg,healthy,healthy,0.95501465
Rice_Leaf_Diease/Rice_Leaf_Diease/test/healthy/Healthy_rice_leaf (123).jpg,healthy,healthy,0.9547004
Rice_Leaf_Diease/Rice_Leaf_Diease/test/healthy/Healthy_rice_leaf (124).jpg,healthy,healthy,0.9510488
Rice_Leaf_Diease/Rice_Leaf_Diease/test/healthy/Healthy_rice_leaf (125).jpg,healthy,healthy,0.9319675
Rice_Leaf_Diease/Rice_Leaf_Diease/test/healthy/Healthy_rice_leaf (126).jpg,healthy,healthy,0.93839663
Rice_Leaf_Diease/Rice_Leaf_Diease/test/healthy/Healthy_rice_leaf (127).jpg,healthy,healthy,0.9657538
Rice_Leaf_Diease/Rice_Leaf_Diease/test/healthy/Healthy_rice_leaf (128).jpg,healthy,healthy,0.95878977
Rice_Leaf_Diease/Rice_Leaf_Diease/test/healthy/Healthy_rice_leaf (129).jpg,healthy,healthy,0.9169941
Rice_Leaf_Diease/Rice_Leaf_Diease/test/healthy/Healthy_rice_leaf (13).jpg,healthy,brown_spot,0.48258862
Rice_Leaf_Diease/Rice_Leaf_Diease/test/healthy/Healthy_rice_leaf (136).jpg,healthy,healthy,0.9572139
Rice_Leaf_Diease/Rice_Leaf_Diease/test/healthy/Healthy_rice_leaf (137).jpg,healthy,healthy,0.91342795
Rice_Leaf_Diease/Rice_Leaf_Diease/test/healthy/Healthy_rice_leaf (138).jpg,healthy,healthy,0.9436024
Rice_Leaf_Diease/Rice_Leaf_Diease/test/healthy/Healthy_rice_leaf (139).jpg,healthy,healthy,0.88096076
Rice_Leaf_Diease/Rice_Leaf_Diease/test/healthy/Healthy_rice_leaf (14).jpg,healthy,healthy,0.9551808
Rice_Leaf_Diease/Rice_Leaf_Diease/test/healthy/Healthy_rice_leaf (140).jpg,healthy,healthy,0.9296914
Rice_Leaf_Diease/Rice_Leaf_Diease/test/healthy/Healthy_rice_leaf (141).jpg,healthy,healthy,0.94396794
Rice_Leaf_Diease/Rice_Leaf_Diease/test/healthy/Healthy_rice_leaf (142).jpg,healthy,healthy,0.9480866
Rice_Leaf_Diease/Rice_Leaf_Diease/test/healthy/Healthy_rice_leaf (143).jpg,healthy,healthy,0.950025
Rice_Leaf_Diease/Rice_Leaf_Diease/test/healthy/Healthy_rice_leaf (144).jpg,healthy,healthy,0.9482384
Rice_Leaf_Diease/Rice_Leaf_Diease/test/healthy/Healthy_rice_leaf (145).jpg,healthy,healthy,0.85811156
Rice_Leaf_Diease/Rice_Leaf_Diease/test/healthy/Healthy_rice_leaf (146).jpg,healthy,healthy,0.8826298
Rice_Leaf_Diease/Rice_Leaf_Diease/test/healthy/Healthy_rice_leaf (147).jpg,healthy,healthy,0.89238167
Rice_Leaf_Diease/Rice_Leaf_Diease/test/healthy/Healthy_rice_leaf (148).jpg,healthy,healthy,0.90637493
Rice_Leaf_Diease/Rice_Leaf_Diease/test/healthy/Healthy_rice_leaf (15).jpg,healthy,healthy,0.9343169
Rice_Leaf_Diease/Rice_Leaf_Diease/test/healthy/Healthy_rice_leaf (159).jpg,healthy,healthy,0.9553728
Rice_Leaf_Diease/Rice_Leaf_Diease/test/healthy/Healthy_rice_leaf (16).jpg,healthy,healthy,0.9142157
Rice_Leaf_Diease/Rice_Leaf_Diease/test/healthy/Healthy_rice_leaf (165).jpg,healthy,healthy,0.9388787
Rice_Leaf_Diease/Rice_Leaf_Diease/test/healthy/Healthy_rice_leaf (17).jpg,healthy,healthy,0.93154424
Rice_Leaf_Diease/Rice_Leaf_Diease/test/healthy/Healthy_rice_leaf (170).jpg,healthy,healthy,0.9349865
Rice_Leaf_Diease/Rice_Leaf_Diease/test/healthy/Healthy_rice_leaf (171).jpg,healthy,healthy,0.93333614
Rice_Leaf_Diease/Rice_Leaf_Diease/test/healthy/Healthy_rice_leaf (176).jpg,healthy,healthy,0.91127896
Rice_Leaf_Diease/Rice_Leaf_Diease/test/healthy/Healthy_rice_leaf (177).jpg,healthy,healthy,0.91840726
Rice_Leaf_Diease/Rice_Leaf_Diease/test/healthy/Healthy_rice_leaf (178).jpg,healthy,healthy,0.9302053
Rice_Leaf_Diease/Rice_Leaf_Diease/test/healthy/Healthy_rice_leaf (18).jpg,healthy,healthy,0.9656532
Rice_Leaf_Diease/Rice_Leaf_Diease/test/healthy/Healthy_rice_leaf (19).jpg,healthy,healthy,0.78811026
Rice_Leaf_Diease/Rice_Leaf_Diease/test/healthy/Healthy_rice_leaf (20).jpg,healthy,healthy,0.9870771
Rice_Leaf_Diease/Rice_Leaf_Diease/test/healthy/Healthy_rice_leaf (21).jpg,healthy,healthy,0.79909676
Rice_Leaf_Diease/Rice_Leaf_Diease/test/healthy/Healthy_rice_leaf (22).jpg,healthy,healthy,0.897497
Rice_Leaf_Diease/Rice_Leaf_Diease/test/healthy/Healthy_rice_leaf (23).jpg,healthy,healthy,0.5214972
Rice_Leaf_Diease/Rice_Leaf_Diease/test/healthy/Healthy_rice_leaf (24).jpg,healthy,healthy,0.6111327
Rice_Leaf_Diease/Rice_Leaf_Diease/test/healthy/Healthy_rice_leaf (25).jpg,healthy,healthy,0.90720344
Rice_Leaf_Diease/Rice_Leaf_Diease/test/healthy/Healthy_rice_leaf (31).jpg,healthy,healthy,0.9410484
Rice_Leaf_Diease/Rice_Leaf_Diease/test/healthy/Healthy_rice_leaf (37).jpg,healthy,healthy,0.95523936
Rice_Leaf_Diease/Rice_Leaf_Diease/test/healthy/Healthy_rice_leaf (38).jpg,healthy,healthy,0.9493292
Rice_Leaf_Diease/Rice_Leaf_Diease/test/healthy/Healthy_rice_leaf (39).jpg,healthy,healthy,0.95337844
Rice_Leaf_Diease/Rice_Leaf_Diease/test/healthy/Healthy_rice_leaf (40).jpg,healthy,healthy,0.91566336
Rice_Leaf_Diease/Rice_Leaf_Diease/test/healthy/Healthy_rice_leaf (41).jpg,healthy,healthy,0.93371886
Rice_Leaf_Diease/Rice_Leaf_Diease/test/healthy/Healthy_rice_leaf (45).jpg,healthy,healthy,0.940951
Rice_Leaf_Diease/Rice_Leaf_Diease/test/healthy/Healthy_rice_leaf (46).jpg,healthy,healthy,0.93824536
Rice_Leaf_Diease/Rice_Leaf_Diease/test/healthy/Healthy_rice_leaf (47).jpg,healthy,healthy,0.93477446
Rice_Leaf_Diease/Rice_Leaf_Diease/test/healthy/Healthy_rice_leaf (51).jpg,healthy,healthy,0.92721707
Rice_Leaf_Diease/Rice_Leaf_Diease/test/healthy/Healthy_rice_leaf (52).jpg,healthy,healthy,0.93457794
Rice_Leaf_Diease/Rice_Leaf_Diease/test/healthy/Healthy_rice_leaf (53).jpg,healthy,healthy,0.93169063
Rice_Leaf_Diease/Rice_Leaf_Diease/test/healthy/Healthy_rice_leaf (54).jpg,healthy,healthy,0.94117624
Rice_Leaf_Diease/Rice_Leaf_Diease/test/healthy/Healthy_rice_leaf (55).jpg,healthy,healthy,0.9552145
Rice_Leaf_Diease/Rice_Leaf_Diease/test/healthy/Healthy_rice_leaf (56).jpg,healthy,healthy,0.9577693
Rice_Leaf_Diease/Rice_Leaf_Diease/test/healthy/Healthy_rice_leaf (57).jpg,healthy,healthy,0.90140766
Rice_Leaf_Diease/Rice_Leaf_Diease/test/healthy/Healthy_rice_leaf (58).jpg,healthy,healthy,0.9369816
Rice_Leaf_Diease/Rice_Leaf_Diease/test/healthy/Healthy_rice_leaf (59).jpg,healthy,healthy,0.94868195
Rice_Leaf_Diease/Rice_Leaf_Diease/test/healthy/Healthy_rice_leaf (6).jpg,healthy,healthy,0.88350093
Rice_Leaf_Diease/Rice_Leaf_Diease/test/healthy/Healthy_rice_leaf (60).jpg,healthy,healthy,0.9658825
Rice_Leaf_Diease/Rice_Leaf_Diease/test/healthy/Healthy_rice_leaf (61).jpg,healthy,healthy,0.9364174
Rice_Leaf_Diease/Rice_Leaf_Diease/test/healthy/Healthy_rice_leaf (62).jpg,healthy,healthy,0.9480909
Rice_Leaf_Diease/Rice_Leaf_Diease/test/healthy/Healthy_rice_leaf (63).jpg,healthy,healthy,0.9668924
Rice_Leaf_Diease/Rice_Leaf_Diease/test/healthy/Healthy_rice_leaf (64).jpg,healthy,healthy,0.97223973
Rice_Leaf_Diease/Rice_Leaf_Diease/test/healthy/Healthy_rice_leaf (65).jpg,healthy,healthy,0.97170955
Rice_Leaf_Diease/Rice_Leaf_Diease/test/healthy/Healthy_rice_leaf (66).jpg,healthy,healthy,0.9400969
Rice_Leaf_Diease/Rice_Leaf_Diease/test/healthy/Healthy_rice_leaf (67).jpg,healthy,healthy,0.9301553
Rice_Leaf_Diease/Rice_Leaf_Diease/test/healthy/Healthy_rice_leaf (68).jpg,healthy,healthy,0.8886081
Rice_Leaf_Diease/Rice_Leaf_Diease/test/healthy/Healthy_rice_leaf (69).jpg,healthy,healthy,0.94012076
Rice_Leaf_Diease/Rice_Leaf_Diease/test/healthy/Healthy_rice_leaf (70).jpg,healthy,healthy,0.9525793
Rice_Leaf_Diease/Rice_Leaf_Diease/test/healthy/Healthy_rice_leaf (71).jpg,healthy,healthy,0.93907684
Rice_Leaf_Diease/Rice_Leaf_Diease/test/healthy/Healthy_rice_leaf (72).jpg,healthy,healthy,0.95706207
Rice_Leaf_Diease/Rice_Leaf_Diease/test/healthy/Healthy_rice_leaf (73).jpg,healthy,healthy,0.9331605
Rice_Leaf_Diease/Rice_Leaf_Diease/test/healthy/Healthy_rice_leaf (77).jpg,healthy,healthy,0.98147225
Rice_Leaf_Diease/Rice_Leaf_Diease/test/healthy/Healthy_rice_leaf (78).jpg,healthy,healthy,0.9834616
Rice_Leaf_Diease/Rice_Leaf_Diease/test/healthy/Healthy_rice_leaf (79).jpg,healthy,healthy,0.95449543
Rice_Leaf_Diease/Rice_Leaf_Diease/test/healthy/Healthy_rice_leaf (80).jpg,healthy,healthy,0.9036102
Rice_Leaf_Diease/Rice_Leaf_Diease/test/healthy/Healthy_rice_leaf (81).jpg,healthy,healthy,0.9135077
Rice_Leaf_Diease/Rice_Leaf_Diease/test/healthy/Healthy_rice_leaf (82).jpg,healthy,healthy,0.90120345
Rice_Leaf_Diease/Rice_Leaf_Diease/test/healthy/Healthy_rice_leaf (83).jpg,healthy,healthy,0.9774156
Rice_Leaf_Diease/Rice_Leaf_Diease/test/healthy/Healthy_rice_leaf (84).jpg,healthy,healthy,0.9492486
Rice_Leaf_Diease/Rice_Leaf_Diease/test/healthy/Healthy_rice_leaf (85).jpg,healthy,healthy,0.9437197
Rice_Leaf_Diease/Rice_Leaf_Diease/test/healthy/Healthy_rice_leaf (86).jpg,healthy,healthy,0.9142059
Rice_Leaf_Diease/Rice_Leaf_Diease/test/healthy/Healthy_rice_leaf (87).jpg,healthy,healthy,0.9346003
Rice_Leaf_Diease/Rice_Leaf_Diease/test/healthy/Healthy_rice_leaf (88).jpg,healthy,healthy,0.95207673
Rice_Leaf_Diease/Rice_Leaf_Diease/test/healthy/Healthy_rice_leaf (89).jpg,healthy,healthy,0.8946434
Rice_Leaf_Diease/Rice_Leaf_Diease/test/healthy/Healthy_rice_leaf (90).jpg,healthy,healthy,0.94443166
Rice_Leaf_Diease/Rice_Leaf_Diease/test/healthy/Healthy_rice_leaf (91).jpg,healthy,healthy,0.9511846
Rice_Leaf_Diease/Rice_Leaf_Diease/test/healthy/Healthy_rice_leaf (92).jpg,healthy,healthy,0.9440122
Rice_Leaf_Diease/Rice_Leaf_Diease/test/healthy/Healthy_rice_leaf (98).jpg,healthy,healthy,0.94181675
Rice_Leaf_Diease/Rice_Leaf_Diease/test/healthy/more_008cce42aad03b0999f7260128778548d6c6447394840e4b86620f3138e13f39.jpg,healthy,healthy,0.8838809
Rice_Leaf_Diease/Rice_Leaf_Diease/test/healthy/more_02008c1a0e87fa5317a9f88c6e59c1fed2b812d1455ec5a50af1c16912a33fc4.jpg,healthy,healthy,0.9539895
Rice_Leaf_Diease/Rice_Leaf_Diease/test/healthy/more_022b8164de5a102093bf9476e63c532a59ba7750125b0215e333a60cac3d4a9a.jpg,healthy,healthy,0.9623562
Rice_Leaf_Diease/Rice_Leaf_Diease/test/healthy/more_04056b7f1e4c446955214118be626bcb356bc3f19050b020d719d7b39ad3ec5d.jpg,healthy,healthy,0.83392084
Rice_Leaf_Diease/Rice_Leaf_Diease/test/healthy/more_047657deb0d117652087983dd661b3761f25c5ddd5beaed1897d5c55337d3a68.jpg,healthy,healthy,0.9831676
Rice_Leaf_Diease/Rice_Leaf_Diease/test/healthy/more_055ab541d78ece048ba24c67f5b55e597df285f45d1e4895908286bc09d460ec.jpg,healthy,healthy,0.9547404
Rice_Leaf_Diease/Rice_Leaf_Diease/test/healthy/more_055c63e3abb79fd59a4dccb861106221c523871d621e39aaa2ca7859d5dab7bb.jpg,healthy,healthy,0.94918
Rice_Leaf_Diease/Rice_Leaf_Diease/test/healthy/more_061fc1267834c848b65a41277bde776b8d7afe39ee5c5b98aa50bd70ceb86b09.jpg,healthy,healthy,0.58974254
Rice_Leaf_Diease/Rice_Leaf_Diease/test/healthy/more_08f0ef8007fb6960952d343b3d287e439201c28275f9b7b3c990600e5d6274a5.jpg,healthy,healthy,0.88337773
Rice_Leaf_Diease/Rice_Leaf_Diease/test/healthy/more_08ffb132b82ccbe7e5afef415e569d677d297e4cfc2846856537584665590396.jpg,healthy,healthy,0.92119664
Rice_Leaf_Diease/Rice_Leaf_Diease/test/healthy/more_0a4ef3dbaafc94c9b4c1f3008637f95c4793e0c33177001ee7244a3b387d91d7.jpg,healthy,rice_blast,0.53619415
Rice_Leaf_Diease/Rice_Leaf_Diease/test/healthy/more_0b78d381bc9ed32e0ccbd5bccb6c56be47752fa85e7208b9d7c18ffacf24b19f.jpg,healthy,healthy,0.89663196
Rice_Leaf_Diease/Rice_Leaf_Diease/test/healthy/more_0c3b5af6493adcb9822473343cec327aa99ad771c100ab0b5be3046778eb1cdc.jpg,healthy,healthy,0.9383351
Rice_Leaf_Diease/Rice_Leaf_Diease/test/healthy/more_0df81f260a8ad124ac8b8a4bf59d8bac5e2f8bfcb341770be4d327f151dbf42d.jpg,healthy,healthy,0.95466393
Rice_Leaf_Diease/Rice_Leaf_Diease/test/healthy/more_0e9262359f707fa22012c90c69d0bce20671f6daddab900fd16ebdd3bf0f677a.jpg,healthy,healthy,0.94748193
Rice_Leaf_Diease/Rice_Leaf_Diease/test/healthy/more_118917cb1d2d0acb80fc62193a5e2f00c25dd12a9352d778473e16561336af39.jpg,healthy,healthy,0.5658822
Rice_Leaf_Diease/Rice_Leaf_Diease/test/healthy/more_12ff010150bfc29aa0d800bc9ed13be036cc7dbc4c983f2290d1eddc46875b4e.jpg,healthy,healthy,0.9479821
Rice_Leaf_Diease/Rice_Leaf_Diease/test/healthy/more_1381bad0b58a1383f4ff0f3f4563569d2e603aa35ea7dd18640c357729001b51.jpg,healthy,healthy,0.9243245
Rice_Leaf_Diease/Rice_Leaf_Diease/test/healthy/more_166c24f5fdffa3dd0c3b29c0acbb03d236c92dedfb4521060a9585851d599e68.jpg,healthy,rice_blast,0.582062
Rice_Leaf_Diease/Rice_Leaf_Diease/test/healthy/more_1719f8b0a60ae9f0f834fd260cf7f8cae301cee3269de1cc7e504368dd3ebe14.jpg,healthy,rice_blast,0.8798061
Rice_Leaf_Diease/Rice_Leaf_Diease/test/healthy/more_187b95c3e66a5ea24d6ec8a5bdec92125806453aee3bcaa48791a8b8656927d0.jpg,healthy,healthy,0.93399864
Rice_Leaf_Diease/Rice_Leaf_Diease/test/healthy/more_192079d7dde0ab064d6d9c5134589574adece9e058e4d790cf76849f857e336b.jpg,healthy,healthy,0.95973027
Rice_Leaf_Diease/Rice_Leaf_Diease/test/healthy/more_1a920eea6b03a3d93622c9930690804b72fb027c0d1909f1c0262240533b8036.jpg,healthy,healthy,0.97565585
Rice_Leaf_Diease/Rice_Leaf_Diease/test/healthy/more_1e2c56eefaa71a23ba7749b58eea23202ddf520db1d0d73ef33cfdf0b98f9fc5.jpg,healthy,healthy,0.9621179
Rice_Leaf_Diease/Rice_Leaf_Diease/test/healthy/more_1f7f7d6125fa841997b990e60b6b117305d38e7fe94dd2b7c788fc95ffcb06f0.jpg,healthy,healthy,0.94543326
Rice_Leaf_Diease/Rice_Leaf_Diease/test/healthy/more_1fa951dfbdad80381fa24154e605e6f97d35df042480b4a1a8d525a3a0a022da.jpg,healthy,healthy,0.95446557
Rice_Leaf_Diease/Rice_Leaf_Diease/test/healthy/more_22ef304cfec3c1657b0ac3b1278a2444c1d80fde808b4c6efc74985973797227.jpg,healthy,healthy,0.9728608
Rice_Leaf_Diease/Rice_Leaf_Diease/test/healthy/more_23e48c3cd51189d26169d4bc5bc26dc5ad4875cf7e93fb2d4cc9925af6b0e688.jpg,healthy,healthy,0.8799159
Rice_Leaf_Diease/Rice_Leaf_Diease/test/healthy/more_241fe157ec214c863a12210ad0b910018added53e181c0cc2b3f54783c707296.jpg,healthy,healthy,0.9485603
Rice_Leaf_Diease/Rice_Leaf_Diease/test/healthy/more_25623d69f35eeb0fe96977b0ca2c1cd31ffd1be13584ddac7400e1c96bd07286.jpg,healthy,healthy,0.9425599
Rice_Leaf_Diease/Rice_Leaf_Diease/test/healthy/more_25e481c77b4a86c8a112235ddaa21ba971b8710691bd6f5bea30e25c390055f5.jpg,healthy,healthy,0.9375262
Rice_Leaf_Diease/Rice_Leaf_Diease/test/healthy/more_25f30f2574927f9efc2f719f16e94828ced8140f3da6a7c16226e65d1dde5b18.jpg,healthy,healthy,0.97267467
Rice_Leaf_Diease/Rice_Leaf_Diease/test/healthy/more_2a35061a565f876426130e68df00ad90c331141890374c4dff111e202fda6f66.jpg,healthy,healthy,0.9851201
Rice_Leaf_Diease/Rice_Leaf_Diease/test/healthy/more_2b3865b136493c2a0f1117f6f8c1af472d779a90ea75c0c80727e7da9fe51030.jpg,healthy,healthy,0.9698206
Rice_Leaf_Diease/Rice_Leaf_Diease/test/healthy/more_2bfe843bf66546940eec3e5efaff6cc147c97c58d1048626c890a1ffc9453fbe.jpg,healthy,healthy,0.88894826
Rice_Leaf_Diease/Rice_Leaf_Diease/test/healthy/more_2f637808ebb03ce8948e5449b00ccad55c906760d2c279fa648da50d825e5ae8.jpg,healthy,healthy,0.90463996
Rice_Leaf_Diease/Rice_Leaf_Diease/test/healthy/more_2f8288e887a5065e03b7bdb8bc1b757c2c0be54b78e3ece61cfb457b69b2835a.jpg,healthy,healthy,0.93425816
Rice_Leaf_Diease/Rice_Leaf_Diease/test/healthy/more_2f8b0139159ac196c0d79c04c30fc7ba148a9569bdb81c5edb47ffdcaf2ee645.jpg,healthy,healthy,0.97059435
Rice_Leaf_Diease/Rice_Leaf_Diease/test/healthy/more_2fd143343a975b6807fc588abd1250d976d4c864fb9cd96df3ebf43922c0b03f.jpg,healthy,healthy,0.913239
Rice_Leaf_Diease/Rice_Leaf_Diease/test/healthy/more_30c7fbf853ea9583767d9fd0958c9baf5dc16a5375f4fe376ee0dbcd7d1de50e.jpg,healthy,healthy,0.5907163
Rice_Leaf_Diease/Rice_Leaf_Diease/test/healthy/more_330b43e0512f9613270c48548292a276d1de401cae6b20b4092b8678860d0f1e.jpg,healthy,healthy,0.9125969
Rice_Leaf_Diease/Rice_Leaf_Diease/test/healthy/more_341f360e88f73a35c395135a4a6cfc7fc2b87d3d2f20448f9e1c9081e738ce74.jpg,healthy,healthy,0.7769482
Rice_Leaf_Diease/Rice_Leaf_Diease/test/healthy/more_3584c6fdc448e438e780dd8be22e1f7d5875bfcb2219920c0277e7e0742c9412.jpg,healthy,rice_blast,0.5226605
Rice_Leaf_Diease/Rice_Leaf_Diease/test/healthy/more_3683be244708aa1ffd79565783a880ec5c12e3605890d84df617e186553df848.jpg,healthy,healthy,0.83415896
Rice_Leaf_Diease/Rice_Leaf_Diease/test/healthy/more_36f7314303f75a20b120d5c5e03ba20d89aeb340190d4a7db999c0bd9beabee5.jpg,healthy,healthy,0.9570613
Rice_Leaf_Diease/Rice_Leaf_Diease/test/healthy/more_39b486e7861c8bf6be2840fcabfe4d34526dd995073660667dd81f2337e36f7e.jpg,healthy,healthy,0.9663411
Rice_Leaf_Diease/Rice_Leaf_Diease/test/healthy/more_3a063eb9183bbb2792f530a40f0b042748584eec35e7627aa693c5d966437c04.jpg,healthy,healthy,0.9751696
Rice_Leaf_Diease/Rice_Leaf_Diease/test/healthy/more_3acbde0fb4971de5b5a51ef5b49878e3d7e132dfed6166ddc3cc5fb6d4ca7ca5.jpg,healthy,healthy,0.97334856
Rice_Leaf_Diease/Rice_Leaf_Diease/test/healthy/more_3ae412e681016fbb56526b2fd3997feafeb72549be20b2cae9d5e8c6fe8bf38d.jpg,healthy,healthy,0.9632053
Rice_Leaf_Diease/Rice_Leaf_Diease/test/healthy/more_3be1d855399d2a95edd9147eeb55b6a8c4832e48033fe5d5ccc366a56663515d.jpg,healthy,healthy,0.895409
Rice_Leaf_Diease/Rice_Leaf_Diease/test/healthy/more_3d0eec96d59389659db0348566d6d93099ca8a65fe5a8ad18bf967cbf76b7754.jpg,healthy,healthy,0.7887491
Rice_Leaf_Diease/Rice_Leaf_Diease/test/healthy/more_3e33ad73d999c27b835a23cfcd202b1d59af0232599506fc1f54e17f9b2bb1d2.jpg,healthy,healthy,0.92233336
Rice_Leaf_Diease/Rice_Leaf_Diease/test/healthy/more_40cd93488b30c3a20fd688a690e8ceabb0d6f7ecfb2419b9e9c7e8264d5253d7.jpg,healthy,healthy,0.8713621
Rice_Leaf_Diease/Rice_Leaf_Diease/test/healthy/more_417f3c71b21b2204e57070052f183ccb95569369decc8038df2c18ef61374473.jpg,healthy,healthy,0.92184955
Rice_Leaf_Diease/Rice_Leaf_Diease/test/healthy/more_42dcd766945d47c1903e42c9bcaa6e4fd0aad26c5af73852fbf0d3cb7d942b0f.jpg,healthy,healthy,0.95802844
Rice_Leaf_Diease/Rice_Leaf_Diease/test/healthy/more_4350ea1b563fe006f8c2b2fa30d4b13d249200ec25fe48f4a376ab47b6992adb.jpg,healthy,healthy,0.7926381
Rice_Leaf_Diease/Rice_Leaf_Diease/test/healthy/more_451f1260bdfe49b968a715666bddb4a76fb4782c55e3312c49dcc9f4bdab4387.jpg,healthy,healthy,0.8511445
Rice_Leaf_Diease/Rice_Leaf_Diease/test/healthy/more_46cd37cc4eb352367c06f6502d3194723b7ded140dda5a2281839db62485c9a6.jpg,healthy,healthy,0.9689886
Rice_Leaf_Diease/Rice_Leaf_Diease/test/healthy/more_4a08055610faf275037ea6ea2699062274588a5d554dec0ca48494427d55bfe3.jpg,healthy,healthy,0.92442745
Rice_Leaf_Diease/Rice_Leaf_Diease/test/healthy/more_4a3b873683b3e688d9b485c840056499916a021b27264d732b755de83e5c7c3e.jpg,healthy,healthy,0.9469357
Rice_Leaf_Diease/Rice_Leaf_Diease/test/healthy/more_4ab87a8f29b7b14717693240c174b9d886833b336597c336f16d27809301f5d8.jpg,healthy,healthy,0.93032885
Rice_Leaf_Diease/Rice_Leaf_Diease/test/healthy/more_4b9a58857b08bd45df8052484a8c2d36bcc898d5c13c29d6c81a431473663382.jpg,healthy,healthy,0.94002473
Rice_Leaf_Diease/Rice_Leaf_Diease/test/healthy/more_4bab97051d92739050f59bc6d3a9ccc6e769ea6711e00f110f1a08ace3edb3d5.jpg,healthy,healthy,0.9593072
Rice_Leaf_Diease/Rice_Leaf_Diease/test/healthy/more_4c3904873daff29851732fca78bfc8885d80d96d6e7788215c980a18faf24d18.jpg,healthy,healthy,0.96358865
Rice_Leaf_Diease/Rice_Leaf_Diease/test/healthy/more_4e4620e9679cecb1a988507c4eb3e68860b6a19ff0451ed723184f2e935dc686.jpg,healthy,healthy,0.90483993
Rice_Leaf_Diease/Rice_Leaf_Diease/test/healthy/more_4e47caae0c585908845dd9cbe58fbbe4995a544720b048b7669432421fae24cb.jpg,healthy,healthy,0.875583
Rice_Leaf_Diease/Rice_Leaf_Diease/test/healthy/more_4fd4bea1c4625695de9fb15ccab788fef35e008408b5cc3967c5f6a13ba1588b.jpg,healthy,healthy,0.9781461
Rice_Leaf_Diease/Rice_Leaf_Diease/test/healthy/more_4fe733e246eeb60d74466a63b79a0520a54425a50fe87a20960450370e02a9b6.jpg,healthy,healthy,0.9221325
Rice_Leaf_Diease/Rice_Leaf_Diease/test/healthy/more_51c3e9ca63a75780756078e391dee780d2d7e7a72b54d163a816bb5562a272b0.jpg,healthy,healthy,0.96225023
Rice_Leaf_Diease/Rice_Leaf_Diease/test/healthy/more_5342c7d77e4a464c7b19e99d1f9127cefae9faf0070e9521cf66ac2710674553.jpg,healthy,healthy,0.9806426
Rice_Leaf_Diease/Rice_Leaf_Diease/test/healthy/more_53b1afe1f95e2036db23e600ef076f56dc497280e501f0ae161d3f9b14b07d8a.jpg,healthy,healthy,0.8869265
Rice_Leaf_Diease/Rice_Leaf_Diease/test/healthy/more_54f3464e52f6a01301830927e866aad54aad43e202534a081ffc9dab7ad6683c.jpg,healthy,healthy,0.95572
Rice_Leaf_Diease/Rice_Leaf_Diease/test/healthy/more_554e124404daf681c4d7fbaffc3b04527f2001955d69e9553e2e9589dba7aa66.jpg,healthy,healthy,0.94025975
Rice_Leaf_Diease/Rice_Leaf_Diease/test/healthy/more_56ba94808a23e6dc92844e8b8fc58e037d322e9bd937ebc5c15083c0b9bb26ae.jpg,healthy,healthy,0.95021516
Rice_Leaf_Diease/Rice_Leaf_Diease/test/healthy/more_57ad4c380deba54cf89b1049b9a7292a6a4c15a4c4afee4ae50bcc78ddbccc40.jpg,healthy,healthy,0.9449201
Rice_Leaf_Diease/Rice_Leaf_Diease/test/healthy/more_599724d85236a3b87ef1caf03299e2133167bb58b6c7b978ff464cba8404e6e7.jpg,healthy,healthy,0.92929673
Rice_Leaf_Diease/Rice_Leaf_Diease/test/healthy/more_5ac44cb463c495699210f687949cf7a75ade765e7859d962a91e7d46d4e7a96c.jpg,healthy,healthy,0.9617378
Rice_Leaf_Diease/Rice_Leaf_Diease/test/healthy/more_5c1c413a533c5ddaa2909e6bf7ffcf3f1bcbad18fb4f471180cabfdc64c1ac30.jpg,healthy,rice_blast,0.9351543
Rice_Leaf_Diease/Rice_Leaf_Diease/test/healthy/more_5e438dfa0e54be8e2665d19bb01ed947cdc73f3316edda57b4cabef0a0779b43.jpg,healthy,healthy,0.82581973
Rice_Leaf_Diease/Rice_Leaf_Diease/test/healthy/more_5e7375e1a2d94e6882c81ef4d9a81722410b2257a240914490a1400774d75db3.jpg,healthy,healthy,0.963365
Rice_Leaf_Diease/Rice_Leaf_Diease/test/healthy/more_5eca6020efc85a844b1ef20fe59cf9c4cfdcd4ceee4a7746152e85b42732f65a.jpg,healthy,healthy,0.934534
Rice_Leaf_Diease/Rice_Leaf_Diease/test/healthy/more_5ef005ca0d3c63b57fd41aab2bf62eecf6342316a0dac5fece620235151e8ecc.jpg,healthy,healthy,0.9641823
Rice_Leaf_Diease/Rice_Leaf_Diease/test/healthy/more_5f9aea5715cb9ca2eefa47b19143b09d9201d1a7b1f3fc0a7e8c27c3220229bd.jpg,healthy,healthy,0.9363731
Rice_Leaf_Diease/Rice_Leaf_Diease/test/healthy/more_6080df8b0711c0968d903d7c98e46f086f446494cfe81c18ff08806e7d7d7b88.jpg,healthy,healthy,0.95769376
Rice_Leaf_Diease/Rice_Leaf_Diease/test/healthy/more_610fa0fef1f0627b0c5f4abb02a0dca22080186acee2af36e47765746b399107.jpg,healthy,healthy,0.9532437
Rice_Leaf_Diease/Rice_Leaf_Diease/test/healthy/more_62cfd1b51a024e54f9f0b378990beb3856386f2262882e027423d6420408181c.jpg,healthy,healthy,0.9373184
Rice_Leaf_Diease/Rice_Leaf_Diease/test/healthy/more_64930e18045e31d2d665c29176f3353a33c8c84be278e721bff4c4718c499a07.jpg,healthy,healthy,0.97161305
Rice_Leaf_Diease/Rice_Leaf_Diease/test/healthy/more_65c687e37d6c3ef152628cf9486b711fc802197c3b71a1b7724fa6986ecd518a.jpg,healthy,rice_blast,0.6261962
Rice_Leaf_Diease/Rice_Leaf_Diease/test/healthy/more_67d161274cd8253e74518aa1740832ce69eccfaa5ffa23cf2ab7d0fb8277d2e4.jpg,healthy,healthy,0.9307228
Rice_Leaf_Diease/Rice_Leaf_Diease/test/healthy/more_691a1f80316b8ddbb31e7a05c8c24ee3d9d3bfc8661a10e7c67cac4ebf5f3ef3.jpg,healthy,healthy,0.96459854
Rice_Leaf_Diease/Rice_Leaf_Diease/test/healthy/more_6bbc06284dd272da44e96809bb354c036b3c35bcb4e2ffb6bf0909e6698c2047.jpg,healthy,healthy,0.82667506
Rice_Leaf_Diease/Rice_Leaf_Diease/test/healthy/more_6c001652a58ff4277e1d20b42d475de7c14ffd99ccf35f2a1f4509b24b993334.jpg,healthy,healthy,0.9554495
Rice_Leaf_Diease/Rice_Leaf_Diease/test/healthy/more_6c5bf4e1e785ff190a86c591f252ca6a36ea8124cc14ce54acb8594cceb08c1f.jpg,healthy,healthy,0.9672764
Rice_Leaf_Diease/Rice_Leaf_Diease/test/healthy/more_6f5d4f657788f965f0d6ba276a76b8465f65926b3db6bed182d3bc151e3d7a6d.jpg,healthy,healthy,0.528478
Rice_Leaf_Diease/Rice_Leaf_Diease/test/healthy/more_6f8f1bdc5af42324d9fdaf1e69a59ae42f791f884c0268c43bad4cef9500f914.jpg,healthy,healthy,0.9596228
Rice_Leaf_Diease/Rice_Leaf_Diease/test/healthy/more_70f2a99a0fa839fff1d26a97cf10869d2eaf2f5d3daa94ad1b41bc6dfee8bc94.jpg,healthy,healthy,0.9449637
Rice_Leaf_Diease/Rice_Leaf_Diease/test/healthy/more_71fc2912e06bdd8f64303ebef7f87e152b785cbc66d7eb1b90f665a965b3c884.jpg,healthy,healthy,0.8948465
Rice_Leaf_Diease/Rice_Leaf_Diease/test/healthy/more_73783e00a6520e88b586e14e332af107d81d8f7e040ac61b73d1ebd7dbb9dc71.jpg,healthy,healthy,0.95516515
Rice_Leaf_Diease/Rice_Leaf_Diease/test/healthy/more_73daed4e1a3dfbb1d0f559564fa0ed26ea4b4d8b3cb58bff1798bbe79de01f1f.jpg,healthy,healthy,0.94937474
Rice_Leaf_Diease/Rice_Leaf_Diease/test/healthy/more_750c7ef9be7c0e80e29aea68e778fdef170a06b387c5729bf82665a9c667502b.jpg,healthy,healthy,0.72035044
Rice_Leaf_Diease/Rice_Leaf_Diease/test/healthy/more_77fc6e1581851633007d994bb8d515dfe415d63edee4ef87d0352b31cfc6dc83.jpg,healthy,healthy,0.9417405
Rice_Leaf_Diease/Rice_Leaf_Diease/test/healthy/more_7a06c6bf4f8bd294b3d553def5d7ddab6b2ad0e80a0ef22d0f1bebc665cf94ff.jpg,healthy,healthy,0.9098965
Rice_Leaf_Diease/Rice_Leaf_Diease/test/healthy/more_7b204472ebe496b4d7debcea6c30e61c6a9c45f4a3ad2818bebfd476975d1c45.jpg,healthy,healthy,0.9357016
Rice_Leaf_Diease/Rice_Leaf_Diease/test/healthy/more_7b899c9c740b8fcec8d88841746c9881feac9f6f149893a729a2db3d2d18c1b4.jpg,healthy,healthy,0.96411926
Rice_Leaf_Diease/Rice_Leaf_Diease/test/healthy/more_7d0e1031975628950bd376f441834886ad3513ceaaca026344ac18852d3d0d47.jpg,healthy,healthy,0.9579769
Rice_Leaf_Diease/Rice_Leaf_Diease/test/healthy/more_7dcd75d9c79ed0631117f90fbc32dd5bba108a88da0fc61a63aa92e0dbe17c98.jpg,healthy,healthy,0.8967585
Rice_Leaf_Diease/Rice_Leaf_Diease/test/healthy/more_8149274b8f7fd5e646e5eadd55f85740f0a5cb95e9586e00f1347c3ed89eeb83.jpg,healthy,healthy,0.8588973
Rice_Leaf_Diease/Rice_Leaf_Diease/test/healthy/more_81670751dc5a6abe39d775b90b708be6d27b556cf5129e693986dd625a328f6e.jpg,healthy,healthy,0.82042336
Rice_Leaf_Diease/Rice_Leaf_Diease/test/healthy/more_81a812862adaba5bbf33156192d678e8e7686ee1be65387830589a7d642702a6.jpg,healthy,healthy,0.6340807
Rice_Leaf_Diease/Rice_Leaf_Diease/test/healthy/more_81d3347c2a2eaac4f18df98dcd98c71071c04dd4ac2f159bd07de67fdcf755d1.jpg,healthy,healthy,0.95136416
Rice_Leaf_Diease/Rice_Leaf_Diease/test/healthy/more_85755728f0c03c85d7e9bff8f70ed2fdb376cff63147f0d127999aa4256287d9.jpg,healthy,healthy,0.94237524
Rice_Leaf_Diease/Rice_Leaf_Diease/test/healthy/more_859aa41eb83019abf505814ea0a6f51dd4a6dc806b54fbb142155e9b35590c6e.jpg,healthy,rice_blast,0.6286196
Rice_Leaf_Diease/Rice_Leaf_Diease/test/healthy/more_8c1509af91290cc1392ba86ae3464335531c39b427a9eb82a21c0a6bbea5a1f9.jpg,healthy,healthy,0.93051
Rice_Leaf_Diease/Rice_Leaf_Diease/test/healthy/more_8d095fa0460320ecd68390748eb4ef3dac3093231ed88a03ca8706cd22a3d11b.jpg,healthy,healthy,0.953317
Rice_Leaf_Diease/Rice_Leaf_Diease/test/healthy/more_8f249c53c197b5dd6f419c0c457cb3c9a12d2afecb169f02d7d94f7e4f14d480.jpg,healthy,healthy,0.9507583
Rice_Leaf_Diease/Rice_Leaf_Diease/test/healthy/more_93c59cbf8a37ed00ac0190b4112c13a0a01054a783f01a6242ae335a6518160d.jpg,healthy,healthy,0.93760633
Rice_Leaf_Diease/Rice_Leaf_Diease/test/healthy/more_94156f72424473c9900224cdeb98956b84f8496850c3beb4d0efddb4f2bc44e7.jpg,healthy,healthy,0.95223266
Rice_Leaf_Diease/Rice_Leaf_Diease/test/healthy/more_944feae805480929dacce2c499eff54fe2aaaf5eddb2efb8ca86e1cd8ecc0bb7.jpg,healthy,healthy,0.938673
Rice_Leaf_Diease/Rice_Leaf_Diease/test/healthy/more_95002a0b5158d695384b8f6e7754df61ff604f1ab306dff80a1f94255154eb01.jpg,healthy,healthy,0.9562598
Rice_Leaf_Diease/Rice_Leaf_Diease/test/healthy/more_9784620d76ebf54bee80c1e6fcbb3ff63770f0ee51157c3223d3e63d4e09c011.jpg,healthy,healthy,0.961307
Rice_Leaf_Diease/Rice_Leaf_Diease/test/healthy/more_9a7b71fd50d0665723b98f22fc8282683c65f9612f797c2944803d9fc8ec555d.jpg,healthy,healthy,0.9554002
Rice_Leaf_Diease/Rice_Leaf_Diease/test/healthy/more_9be7d158605da397421d447195e5f27f7d207aed0899a83d2eeceab77d28f3c7.jpg,healthy,healthy,0.95981264
Rice_Leaf_Diease/Rice_Leaf_Diease/test/healthy/more_9ca8c96619c5336a826870fead298d5ff06c7cad76022f5ce4f75fc82f41329c.jpg,healthy,healthy,0.91825086
Rice_Leaf_Diease/Rice_Leaf_Diease/test/healthy/more_9e66083f08d9571d8cf2ea0164e0902f4ab1ca57fcfad0b137c552652df6ec46.jpg,healthy,healthy,0.9460022
Rice_Leaf_Diease/Rice_Leaf_Diease/test/healthy/more_a1cc527537a5de2c5d043e727957cfa9267d6fe91a837ca592958243b7c3b74e.jpg,healthy,healthy,0.9605192
Rice_Leaf_Diease/Rice_Leaf_Diease/test/healthy/more_a1d8273325fd74d3fcf8667b32038e3c4210bc65086164164d7f2206f4d5764c.jpg,healthy,healthy,0.97248757
Rice_Leaf_Diease/Rice_Leaf_Diease/test/healthy/more_a3846cec722ba24a24262308cf092b7071b31265ad6b5455001bb7a9946f8e57.jpg,healthy,healthy,0.8079249
Rice_Leaf_Diease/Rice_Leaf_Diease/test/healthy/more_a39763619707b589c80f6603c3809a68ec79ecffa5c35f67b48ecc8490a63162.jpg,healthy,healthy,0.9006689
Rice_Leaf_Diease/Rice_Leaf_Diease/test/healthy/more_a664544ab849c62b0c8aee6c9f49abc87dc2bb0ab85c5499e1eee6511a993942.jpg,healthy,rice_blast,0.5343256
Rice_Leaf_Diease/Rice_Leaf_Diease/test/healthy/more_a8976e6c52827ed600b1fab848b27bbfa06c01006f41e501d277fbf7186197a2.jpg,healthy,healthy,0.949834
Rice_Leaf_Diease/Rice_Leaf_Diease/test/healthy/more_ab0f791f6ef2c598fe82e85cc36b30bac5b5c99bdab272a3688922cf151be1f6.jpg,healthy,healthy,0.9555191
Rice_Leaf_Diease/Rice_Leaf_Diease/test/healthy/more_abce60744228baaf92c0eecbcdf2943a2d0002fd4dfd7881e9d0ad733036a7c8.jpg,healthy,healthy,0.90911484
Rice_Leaf_Diease/Rice_Leaf_Diease/test/healthy/more_abdaf68438b49d3bf4b69aeba77b3fec5d2915ca2d4a89fc8af55a52c2ac06f0.jpg,healthy,healthy,0.9381436
Rice_Leaf_Diease/Rice_Leaf_Diease/test/healthy/more_abf57be6a8d1f9641f5a9eb08190003c6cbc48bb4ad3427f1d791ee76a0c262c.jpg,healthy,healthy,0.8645739
Rice_Leaf_Diease/Rice_Leaf_Diease/test/healthy/more_ad63c18a03de6f386097beeb87f433ad92254fcb632582287a38db663dd498ef.jpg,healthy,healthy,0.94686294
Rice_Leaf_Diease/Rice_Leaf_Diease/test/healthy/more_af0b137e6bfc079ba55109e85aa1f3d349e4bdab3113ba02857b4881570206e7.jpg,healthy,rice_blast,0.73271114
Rice_Leaf_Diease/Rice_Leaf_Diease/test/healthy/more_b018420fcba4757ab8c3a196db467be9420c57e7aff420a3140bcd664318559b.jpg,healthy,healthy,0.9606324
Rice_Leaf_Diease/Rice_Leaf_Diease/test/healthy/more_b1807245f655d07debcc37f69e5a94125bca832874532da3cd3c500fff2019a6.jpg,healthy,healthy,0.97568023
Rice_Leaf_Diease/Rice_Leaf_Diease/test/healthy/more_b1f2c5c18fcbc129932064a8e768d7679765e89eab7ec2533830d31a717f55dd.jpg,healthy,rice_blast,0.58791447
Rice_Leaf_Diease/Rice_Leaf_Diease/test/healthy/more_b44dda2b69697c0c31d04b4c6f0d67fce1920c9c7591861c7edc991865d234c8.jpg,healthy,healthy,0.8780662
Rice_Leaf_Diease/Rice_Leaf_Diease/test/healthy/more_b4572d3223ee69176450d8a3bc74e2e2c81fc34b7197bbdfb5d893adec4a47bb.jpg,healthy,healthy,0.8267963
Rice_Leaf_Diease/Rice_Leaf_Diease/test/healthy/more_b4be3058bbb9da2c375f64189b2462688b6446bd903a25e038212028bad1da15.jpg,healthy,healthy,0.96117043
Rice_Leaf_Diease/Rice_Leaf_Diease/test/healthy/more_b621ba29ac3bd44070ec9a8c7941e16fc76a8b624a5391ac8ec9338de3fdcb9d.jpg,healthy,healthy,0.7412667
Rice_Leaf_Diease/Rice_Leaf_Diease/test/healthy/more_b717a7b1e2a88f23c46726e640cb2b53cd97440f92b7b2a5558789fc01590527.jpg,healthy,healthy,0.9578593
Rice_Leaf_Diease/Rice_Leaf_Diease/test/healthy/more_b7e7a782e45291de09b1e1f6e5cac5b92e55d90f939ac9d11d53ad2d52d27a99.jpg,healthy,rice_blast,0.8131062
Rice_Leaf_Diease/Rice_Leaf_Diease/test/healthy/more_b7eaf8b38a7b71e5fc4bda808fbac53cd9aa0923a0e24eb3f7866f6352b6f84a.jpg,healthy,healthy,0.95291567
Rice_Leaf_Diease/Rice_Leaf_Diease/test/healthy/more_b8b86b04ee812cec79a9fd5f0a5319b25ff7df457e220f480a11d13ead2dc635.jpg,healthy,healthy,0.93797684
Rice_Leaf_Diease/Rice_Leaf_Diease/test/healthy/more_b95d75e942257eeb91d16ad072d9d5b15614d7f681a5c924e0abfe17378b4509.jpg,healthy,rice_blast,0.8392785
Rice_Leaf_Diease/Rice_Leaf_Diease/test/healthy/more_b9b5ec9f7d117c2d849d56e40a8fa669118f9aaaf2a1efeb6d0f5691ab389d70.jpg,healthy,healthy,0.97227526
Rice_Leaf_Diease/Rice_Leaf_Diease/test/healthy/more_b9c846ab25899d5436ecb1ad5fa669c45a61b1e43d3f44a10de874bb5b1db790.jpg,healthy,healthy,0.65519077
Rice_Leaf_Diease/Rice_Leaf_Diease/test/healthy/more_b9ea31f1501bc84f161f5344477f0357a04f6ffdd156dad9ce92649b94030203.jpg,healthy,healthy,0.93135494
Rice_Leaf_Diease/Rice_Leaf_Diease/test/healthy/more_bb11acb16b76c9ba79d674aae12a47c60570c5dd551c5abbb6de2aa9ffabee45.jpg,healthy,healthy,0.9442846
Rice_Leaf_Diease/Rice_Leaf_Diease/test/healthy/more_bc5574cecf5cb79c922504eef54681e13627d575687ca4e9df6bff2efa050278.jpg,healthy,healthy,0.9006956
Rice_Leaf_Diease/Rice_Leaf_Diease/test/healthy/more_bca1a7705b9212207fb4863c47d857b6a77418d4a9d592e7b095c1df7a25e377.jpg,healthy,healthy,0.9772077
Rice_Leaf_Diease/Rice_Leaf_Diease/test/healthy/more_bf264dac7ba012b6fcd6c8dc30912bd3d94a50077e1e84da8009e8e25afd5a51.jpg,healthy,healthy,0.9584917
Rice_Leaf_Diease/Rice_Leaf_Diease/test/healthy/more_c05a8e30935a64134a2106914969220b62e9bab3419ca9e584bd4e956e8a7d37.jpg,healthy,healthy,0.97841954
Rice_Leaf_Diease/Rice_Leaf_Diease/test/healthy/more_c113a309c0b8479e995629bf34cc82ae20d772bba7caaeee251033713c158b1f.jpg,healthy,healthy,0.7831922
Rice_Leaf_Diease/Rice_Leaf_Diease/test/healthy/more_c1980aa701286597a1ea230a7c26c8947109fc40fb9a18fc994bf0101d955dad.jpg,healthy,healthy,0.93349653
Rice_Leaf_Diease/Rice_Leaf_Diease/test/healthy/more_c1b9e9d36f41ff1024d443361d8393c80273ebab76fea7fd43353d83cd5e168e.jpg,healthy,healthy,0.9010848
Rice_Leaf_Diease/Rice_Leaf_Diease/test/healthy/more_c1fabc59155dcafa4a081ec5f59981924f875e9508abac47d90eb442e89ed0f0.jpg,healthy,rice_blast,0.9158789
Rice_Leaf_Diease/Rice_Leaf_Diease/test/healthy/more_c220d96a29aaf04b1414b716814b843feaed59bfffeb59c7dcbf3ab1f1a87f64.jpg,healthy,healthy,0.9618875
Rice_Leaf_Diease/Rice_Leaf_Diease/test/healthy/more_c394414f1ec8f8b531ea74e71c5d6b0b3b5487cf8c366d6e5abc75a8c9c810f7.jpg,healthy,healthy,0.5088093
Rice_Leaf_Diease/Rice_Leaf_Diease/test/healthy/more_c49e39a541cea3fc7f05cfb7b1f447301ed02d21710eeb9963d4f45e3a70ad50.jpg,healthy,healthy,0.9613386
Rice_Leaf_Diease/Rice_Leaf_Diease/test/healthy/more_c6032a1ce1b75686b4cf719586d0dcf264990f519b08dd4d5e5567be8e8a479a.jpg,healthy,healthy,0.9632152
Rice_Leaf_Diease/Rice_Leaf_Diease/test/healthy/more_c654bd03e96850a129d6b2d1ea900ea4a94d660b2655e9581189ce0db9e57e50.jpg,healthy,healthy,0.94132304
Rice_Leaf_Diease/Rice_Leaf_Diease/test/healthy/more_c6bf24587af29dc6b58fde07851ac45b5b5e0e3d45659203598e7b350ee81cb8.jpg,healthy,healthy,0.97224987
Rice_Leaf_Diease/Rice_Leaf_Diease/test/healthy/more_c82c5bd3ea8d6cd79c07af2c51e49029c3260999a771916c267c6c5c3746ef89.jpg,healthy,healthy,0.9568966
Rice_Leaf_Diease/Rice_Leaf_Diease/test/healthy/more_cbefd158607f274d09766a5227d8b6a794b097770fd14c0a6c8d607486e16f30.jpg,healthy,healthy,0.91314757
Rice_Leaf_Diease/Rice_Leaf_Diease/test/healthy/more_cc2e3d73478f0966397382ccb822ba18801ad99ccf61a98b416e607c29b8cee4.jpg,healthy,healthy,0.9156591
Rice_Leaf_Diease/Rice_Leaf_Diease/test/healthy/more_cc5b9f852e600030ea3777e8d2a73c7a03c7d2ec43e352836430cd115b871e0d.jpg,healthy,healthy,0.66542757
Rice_Leaf_Diease/Rice_Leaf_Diease/test/healthy/more_cd6147e333f49d39b3fa2a55ab15a2e9db4ffd9e4e2917531b13a725df61506a.jpg,healthy,healthy,0.96520877
Rice_Leaf_Diease/Rice_Leaf_Diease/test/healthy/more_cdfece5903400b4e08b6cab9a0f4c125169ef997ea213d23ca8b64fed15bdbc5.jpg,healthy,healthy,0.9468328
Rice_Leaf_Diease/Rice_Leaf_Diease/test/healthy/more_ced62cf8bd414acb130cf45a7bedec4a4efd56777cbee1f0bb1d10d11c94dec2.jpg,healthy,healthy,0.9130139
Rice_Leaf_Diease/Rice_Leaf_Diease/test/healthy/more_cfc7a952d891151e718b4a51cf8c3354822988d912c89476390dd438a1c911b4.jpg,healthy,rice_blast,0.9246535
Rice_Leaf_Diease/Rice_Leaf_Diease/test/healthy/more_d1bae8c86f0cba73da20b824165178e2db467cab8abf71050ec521a7b0518f8b.jpg,healthy,healthy,0.95929664
Rice_Leaf_Diease/Rice_Leaf_Diease/test/healthy/more_d2341df909d5669081b29de6bae13187e04201a8ab603fe5aec50cee154534a3.jpg,healthy,healthy,0.8926172
Rice_Leaf_Diease/Rice_Leaf_Diease/test/healthy/more_d244c83bb6e3dbd10c95ce6036616f2feab208630402d5c631976edfb8331e15.jpg,healthy,healthy,0.94176745
Rice_Leaf_Diease/Rice_Leaf_Diease/test/healthy/more_d2740483468d3d2fa713ca616cde18047985076eb579a87477bc3170f3a77954.jpg,healthy,healthy,0.95464164
Rice_Leaf_Diease/Rice_Leaf_Diease/test/healthy/more_d5541c781c7ac25121f8dca197603a3eed9583884f8e66fdd0e927e4d281ea66.jpg,healthy,healthy,0.95163375
Rice_Leaf_Diease/Rice_Leaf_Diease/test/healthy/more_d6ba9a595a4037f46d0b24a0ad7c37bcd1ff521410628d9624fa2286ab6c10f7.jpg,healthy,healthy,0.9578089
Rice_Leaf_Diease/Rice_Leaf_Diease/test/healthy/more_d78bddb5c45927598625e81efbde47997dfe81a57ded858d9c994f5d9242cefb.jpg,healthy,rice_blast,0.8606426
Rice_Leaf_Diease/Rice_Leaf_Diease/test/healthy/more_d83cb66ca94450ce368b6bb4d4995d4a27fbbaa72672cb74d4fc1fae1b7b4e83.jpg,healthy,healthy,0.95921165
Rice_Leaf_Diease/Rice_Leaf_Diease/test/healthy/more_da05902b2c8a7ce29406d9e0379db0883ffadf0dfce71875d1a969f9f25def25.jpg,healthy,healthy,0.94048566
Rice_Leaf_Diease/Rice_Leaf_Diease/test/healthy/more_daf0156a17bcb325fb3fd1e1f2a9735e1e3ab06cac40c9eaf26ba84d32117d4b.jpg,healthy,healthy,0.7150746
Rice_Leaf_Diease/Rice_Leaf_Diease/test/healthy/more_db4f3b2128c034ad7d38abba8c92539ea72c40eb1fbe0f0904691f4868d0c9a2.jpg,healthy,healthy,0.60926074
Rice_Leaf_Diease/Rice_Leaf_Diease/test/healthy/more_dca59053820007a166ce387c4bbbfa2363c740bc1ff8bfbd605eccc962a14ffc.jpg,healthy,healthy,0.9057755
Rice_Leaf_Diease/Rice_Leaf_Diease/test/healthy/more_dee43a86076a13d728bce8d20f6e5e4aceb4516cbdefb389ec964de7a88a6dda.jpg,healthy,rice_blast,0.5928424
Rice_Leaf_Diease/Rice_Leaf_Diease/test/healthy/more_e0a641a13dd66c6b7ed211c2787f225138703e3240c4ba9a4175a81ce7173ca5.jpg,healthy,rice_blast,0.94770306
Rice_Leaf_Diease/Rice_Leaf_Diease/test/healthy/more_e49b0eed660092b049f76e425eb736e246170683286ddcb3c9cd3bc56d6fc621.jpg,healthy,healthy,0.97758627
Rice_Leaf_Diease/Rice_Leaf_Diease/test/healthy/more_e504cbd96644a5cebbd057b2460b1ee1bccbb6255834155dd695f14333adeb9d.jpg,healthy,healthy,0.9446687
Rice_Leaf_Diease/Rice_Leaf_Diease/test/healthy/more_e53771ab06ac36af60734b00cd6fbc58e9c3e9b8b60b416ee30202be76a433e6.jpg,healthy,healthy,0.6820569
Rice_Leaf_Diease/Rice_Leaf_Diease/test/healthy/more_e57c03f3c4c0141b633330f40709fe877821f76e4e23b86a5108ed313751ba56.jpg,healthy,healthy,0.7482622
Rice_Leaf_Diease/Rice_Leaf_Diease/test/healthy/more_e66f2cad38ef48a124ad79ec943e2f3527518ea8b3843243144665034213ce8a.jpg,healthy,healthy,0.9387382
Rice_Leaf_Diease/Rice_Leaf_Diease/test/healthy/more_e7f45ad6aab3c587168005a8d12f5000db81fb5ab7d5dd3e1e9a1b75ec39510e.jpg,healthy,healthy,0.9505663
Rice_Leaf_Diease/Rice_Leaf_Diease/test/healthy/more_e8de188173f8088fad559838f6e4bd9b3fe594e62831d4e4f20693a3f4adae6d.jpg,healthy,healthy,0.8018663
Rice_Leaf_Diease/Rice_Leaf_Diease/test/healthy/more_eb2f522e8a283ad8d62d41dcfc8ce47a260df3f10f4bf8ef1fb1685f757faa1e.jpg,healthy,healthy,0.89757305
Rice_Leaf_Diease/Rice_Leaf_Diease/test/healthy/more_ec6322833577e4df68aebd191ef20ac4f9756de184562af970f643f12d00deb1.jpg,healthy,healthy,0.9574829
Rice_Leaf_Diease/Rice_Leaf_Diease/test/healthy/more_ecd645f2222848c5ecc373b7d7144d83650bb4a87eb39083a64e0ca7597db7e9.jpg,healthy,healthy,0.9432885
Rice_Leaf_Diease/Rice_Leaf_Diease/test/healthy/more_eda038764e1204b9e30e7ef21c6ed11a6eca2f2eeaf37ce8823c2f4cf95f7484.jpg,healthy,healthy,0.9714002
Rice_Leaf_Diease/Rice_Leaf_Diease/test/healthy/more_ef3d8f0a3bc0e213846aacf9699cd62850eda277f47b2ebec4b08cfdb029d826.jpg,healthy,healthy,0.92107815
Rice_Leaf_Diease/Rice_Leaf_Diease/test/healthy/more_f00d1524f6083364bc054bfebefe4e2d26fb449f541b6913762f182c7943dcc7.jpg,healthy,healthy,0.94364524
Rice_Leaf_Diease/Rice_Leaf_Diease/test/healthy/more_f0fd4c6a556b737be95a48f85ada1d29fa3ebed1b2c67ca3e72fdd598ccf28c0.jpg,healthy,healthy,0.80349195
Rice_Leaf_Diease/Rice_Leaf_Diease/test/healthy/more_f10e804c335cd2a5ab5fc8ce067fb1ebdc0fdc1de054a8ff5741c705847f0ac9.jpg,healthy,healthy,0.9566301
Rice_Leaf_Diease/Rice_Leaf_Diease/test/healthy/more_f2fe6e9d5dd2d13b9c25b9cc22676fd41ef0650f9f55dd3aa75a8bbf3821f50e.jpg,healthy,healthy,0.92732555
Rice_Leaf_Diease/Rice_Leaf_Diease/test/healthy/more_f5e3e79f2456a7e312098aacd700b150375ebba7a67c07b982c8ca47eb6100cb.jpg,healthy,healthy,0.93237025
Rice_Leaf_Diease/Rice_Leaf_Diease/test/healthy/more_f730e93d3d59cf7e7b503c5bcdb206bd39e49885d67011bda18f30dca90aaee8.jpg,healthy,healthy,0.92743224
Rice_Leaf_Diease/Rice_Leaf_Diease/test/healthy/more_f8a5f97be16920928e8b43dfa50a4e581ba2b277a1f80f5dcf8fb8706375e85a.jpg,healthy,healthy,0.96274745
Rice_Leaf_Diease/Rice_Leaf_Diease/test/healthy/more_f8c68dfeb900d5fd5640417a96d4136c30f7af24b379873fd77b7a1f77032c12.jpg,healthy,healthy,0.96768004
Rice_Leaf_Diease/Rice_Leaf_Diease/test/healthy/more_f8eceb1d54b18cd86255aa8b45bd5aab31f2466d3a0b98b8dc5b3e60bb45287e.jpg,healthy,healthy,0.96696186
Rice_Leaf_Diease/Rice_Leaf_Diease/test/healthy/more_f90c1fb6de1435f91f91935637dd9a78cbbdfdf04a2801552a2555e8878a048a.jpg,healthy,rice_blast,0.9189605
Rice_Leaf_Diease/Rice_Leaf_Diease/test/healthy/more_fbeedcb3ed2766086a76c09216c67f4f2c2f2253bdd7928ace8052e934f94e52.jpg,healthy,healthy,0.9785039
Rice_Leaf_Diease/Rice_Leaf_Diease/test/healthy/more_fd8baad218cac140c454a1d13797d5f7f1eb746f488dfd36a292255d933b2909.jpg,healthy,healthy,0.95448065
Rice_Leaf_Diease/Rice_Leaf_Diease/test/healthy/more_fe759cd148c88e306c9a12dc37e1761721791217f588946aad19151c178a69eb.jpg,healthy,healthy,0.96796674
Rice_Leaf_Diease/Rice_Leaf_Diease/test/leaf_blast/20231006_164402.jpg,rice_blast,rice_blast,0.8930924
Rice_Leaf_Diease/Rice_Leaf_Diease/test/leaf_blast/20231006_164404.jpg,rice_blast,rice_blast,0.9047262
Rice_Leaf_Diease/Rice_Leaf_Diease/test/leaf_blast/20231006_165344.jpg,rice_blast,rice_blast,0.9384453
Rice_Leaf_Diease/Rice_Leaf_Diease/test/leaf_blast/20231006_165345.jpg,rice_blast,rice_blast,0.92091054
Rice_Leaf_Diease/Rice_Leaf_Diease/test/leaf_blast/20231006_165350.jpg,rice_blast,rice_blast,0.9715324
Rice_Leaf_Diease/Rice_Leaf_Diease/test/leaf_blast/20231006_165351.jpg,rice_blast,rice_blast,0.95569324
Rice_Leaf_Diease/Rice_Leaf_Diease/test/leaf_blast/20231006_165844(0).jpg,rice_blast,rice_blast,0.9530724
Rice_Leaf_Diease/Rice_Leaf_Diease/test/leaf_blast/20231006_165844.jpg,rice_blast,rice_blast,0.9522361
Rice_Leaf_Diease/Rice_Leaf_Diease/test/leaf_blast/20231006_165845(0).jpg,rice_blast,rice_blast,0.94811994
Rice_Leaf_Diease/Rice_Leaf_Diease/test/leaf_blast/20231006_165845.jpg,rice_blast,rice_blast,0.95540434
Rice_Leaf_Diease/Rice_Leaf_Diease/test/leaf_blast/20231006_165849.jpg,rice_blast,rice_blast,0.9615828
Rice_Leaf_Diease/Rice_Leaf_Diease/test/leaf_blast/20231006_165850(0).jpg,rice_blast,rice_blast,0.9713345
Rice_Leaf_Diease/Rice_Leaf_Diease/test/leaf_blast/20231006_165850.jpg,rice_blast,rice_blast,0.96521974
Rice_Leaf_Diease/Rice_Leaf_Diease/test/leaf_blast/20231006_170253(0).jpg,rice_blast,rice_blast,0.96837217
Rice_Leaf_Diease/Rice_Leaf_Diease/test/leaf_blast/20231006_170253(1).jpg,rice_blast,rice_blast,0.9644875
Rice_Leaf_Diease/Rice_Leaf_Diease/test/leaf_blast/20231006_170253(2).jpg,rice_blast,rice_blast,0.96789426
Rice_Leaf_Diease/Rice_Leaf_Diease/test/leaf_blast/IMG_20231006_163148.jpg,rice_blast,rice_blast,0.8793962
Rice_Leaf_Diease/Rice_Leaf_Diease/test/leaf_blast/IMG_20231006_164616.jpg,rice_blast,rice_blast,0.9783982
Rice_Leaf_Diease/Rice_Leaf_Diease/test/leaf_blast/IMG_20231006_164618.jpg,rice_blast,rice_blast,0.96983296
Rice_Leaf_Diease/Rice_Leaf_Diease/test/leaf_blast/IMG_20231006_165455.jpg,rice_blast,rice_blast,0.8733594
Rice_Leaf_Diease/Rice_Leaf_Diease/test/leaf_blast/IMG_20231006_165457.jpg,rice_blast,rice_blast,0.94024277
Rice_Leaf_Diease/Rice_Leaf_Diease/test/leaf_blast/IMG_20231006_165745.jpg,rice_blast,brown_spot,0.79210556
Rice_Leaf_Diease/Rice_Leaf_Diease/test/leaf_blast/IMG_20231006_170130.jpg,rice_blast,rice_blast,0.9525428
Rice_Leaf_Diease/Rice_Leaf_Diease/test/leaf_blast/IMG_20231006_170426.jpg,rice_blast,rice_blast,0.9457367
Rice_Leaf_Diease/Rice_Leaf_Diease/test/leaf_blast/IMG_20231006_170608.jpg,rice_blast,rice_blast,0.94728506
Rice_Leaf_Diease/Rice_Leaf_Diease/test/leaf_blast/IMG_20231006_172429.jpg,rice_blast,rice_blast,0.9550588
Rice_Leaf_Diease/Rice_Leaf_Diease/test/leaf_blast/IMG_20231006_172431.jpg,rice_blast,rice_blast,0.97142744
Rice_Leaf_Diease/Rice_Leaf_Diease/test/leaf_blast/IMG_20231006_172444.jpg,rice_blast,rice_blast,0.94981796
Rice_Leaf_Diease/Rice_Leaf_Diease/test/leaf_blast/IMG_20231006_172757.jpg,rice_blast,rice_blast,0.94132876
Rice_Leaf_Diease/Rice_Leaf_Diease/test/leaf_blast/IMG_20231006_172759.jpg,rice_blast,rice_blast,0.88730395
Rice_Leaf_Diease/Rice_Leaf_Diease/test/leaf_blast/IMG_20231006_172819.jpg,rice_blast,rice_blast,0.9507626
Rice_Leaf_Diease/Rice_Leaf_Diease/test/leaf_blast/IMG_20231006_172820.jpg,rice_blast,rice_blast,0.98157805
Rice_Leaf_Diease/Rice_Leaf_Diease/test/leaf_blast/IMG_20231014_170731.jpg,rice_blast,rice_blast,0.98286843
Rice_Leaf_Diease/Rice_Leaf_Diease/test/leaf_blast/IMG_20231014_171554.jpg,rice_blast,rice_blast,0.9727395
Rice_Leaf_Diease/Rice_Leaf_Diease/test/leaf_blast/IMG_20231014_171556.jpg,rice_blast,rice_blast,0.9873492
Rice_Leaf_Diease/Rice_Leaf_Diease/test/leaf_blast/IMG_20231014_171557.jpg,rice_blast,rice_blast,0.9894271
Rice_Leaf_Diease/Rice_Leaf_Diease/test/leaf_blast/IMG_20231018_144046.jpg,rice_blast,rice_blast,0.84556836
Rice_Leaf_Diease/Rice_Leaf_Diease/test/leaf_blast/IMG_20231018_144047.jpg,rice_blast,rice_blast,0.93416405
Rice_Leaf_Diease/Rice_Leaf_Diease/test/leaf_blast/IMG_20231018_144106_1.jpg,rice_blast,rice_blast,0.98923105
Rice_Leaf_Diease/Rice_Leaf_Diease/test/leaf_blast/IMG_20231018_144107.jpg,rice_blast,rice_blast,0.98222524
Rice_Leaf_Diease/Rice_Leaf_Diease/test/leaf_blast/IMG_20231018_144145.jpg,rice_blast,rice_blast,0.96346784
Rice_Leaf_Diease/Rice_Leaf_Diease/test/leaf_blast/IMG_20231018_144145_1.jpg,rice_blast,rice_blast,0.950325
Rice_Leaf_Diease/Rice_Leaf_Diease/test/leaf_blast/IMG_20231018_144235.jpg,rice_blast,rice_blast,0.95860934
Rice_Leaf_Diease/Rice_Leaf_Diease/test/leaf_blast/IMG_20231018_144235_1.jpg,rice_blast,rice_blast,0.951242
Rice_Leaf_Diease/Rice_Leaf_Diease/test/leaf_blast/IMG_20231018_144241.jpg,rice_blast,rice_blast,0.9602896
Rice_Leaf_Diease/Rice_Leaf_Diease/test/leaf_blast/IMG_20231018_144242.jpg,rice_blast,rice_blast,0.97183627
Rice_Leaf_Diease/Rice_Leaf_Diease/test/leaf_blast/IMG_20231018_144339_1.jpg,rice_blast,rice_blast,0.9813431
Rice_Leaf_Diease/Rice_Leaf_Diease/test/leaf_blast/IMG_20231018_144340.jpg,rice_blast,rice_blast,0.9607142
Rice_Leaf_Diease/Rice_Leaf_Diease/test/leaf_blast/IMG_20231018_144343.jpg,rice_blast,rice_blast,0.9775333
Rice_Leaf_Diease/Rice_Leaf_Diease/test/leaf_blast/IMG_20231018_144429.jpg,rice_blast,rice_blast,0.96766883
Rice_Leaf_Diease/Rice_Leaf_Diease/test/leaf_blast/IMG_20231018_144436_1.jpg,rice_blast,rice_blast,0.97660476
Rice_Leaf_Diease/Rice_Leaf_Diease/test/leaf_blast/IMG_20231018_144438.jpg,rice_blast,rice_blast,0.9724789
Rice_Leaf_Diease/Rice_Leaf_Diease/test/leaf_blast/IMG_20231018_144438_1.jpg,rice_blast,rice_blast,0.948222
Rice_Leaf_Diease/Rice_Leaf_Diease/test/leaf_blast/leaf_blast (1).jpg,rice_blast,rice_blast,0.90808815
Rice_Leaf_Diease/Rice_Leaf_Diease/test/leaf_blast/leaf_blast (10).jpg,rice_blast,rice_blast,0.95989907
Rice_Leaf_Diease/Rice_Leaf_Diease/test/leaf_blast/leaf_blast (100).jpg,rice_blast,rice_blast,0.9186216
Rice_Leaf_Diease/Rice_Leaf_Diease/test/leaf_blast/leaf_blast (101).jpg,rice_blast,rice_blast,0.8235678
Rice_Leaf_Diease/Rice_Leaf_Diease/test/leaf_blast/leaf_blast (102).jpg,rice_blast,rice_blast,0.8917993
Rice_Leaf_Diease/Rice_Leaf_Diease/test/leaf_blast/leaf_blast (103).jpg,rice_blast,rice_blast,0.8510863
Rice_Leaf_Diease/Rice_Leaf_Diease/test/leaf_blast/leaf_blast (104).jpg,rice_blast,rice_blast,0.9577601
Rice_Leaf_Diease/Rice_Leaf_Diease/test/leaf_blast/leaf_blast (105).jpg,rice_blast,rice_blast,0.964169
Rice_Leaf_Diease/Rice_Leaf_Diease/test/leaf_blast/leaf_blast (106).jpg,rice_blast,rice_blast,0.96872354
Rice_Leaf_Diease/Rice_Leaf_Diease/test/leaf_blast/leaf_blast (107).jpg,rice_blast,rice_blast,0.97858685
Rice_Leaf_Diease/Rice_Leaf_Diease/test/leaf_blast/leaf_blast (108).jpg,rice_blast,rice_blast,0.98175275
Rice_Leaf_Diease/Rice_Leaf_Diease/test/leaf_blast/leaf_blast (109).jpg,rice_blast,rice_blast,0.96602637
Rice_Leaf_Diease/Rice_Leaf_Diease/test/leaf_blast/leaf_blast (11).jpg,rice_blast,rice_blast,0.9643301
Rice_Leaf_Diease/Rice_Leaf_Diease/test/leaf_blast/leaf_blast (110).jpg,rice_blast,rice_blast,0.9931305
Rice_Leaf_Diease/Rice_Leaf_Diease/test/leaf_blast/leaf_blast (111).jpg,rice_blast,rice_blast,0.9780186
Rice_Leaf_Diease/Rice_Leaf_Diease/test/leaf_blast/leaf_blast (112).jpg,rice_blast,healthy,0.64060944
Rice_Leaf_Diease/Rice_Leaf_Diease/test/leaf_blast/leaf_blast (113).jpg,rice_blast,rice_blast,0.9927577
Rice_Leaf_Diease/Rice_Leaf_Diease/test/leaf_blast/leaf_blast (114).jpg,rice_blast,rice_blast,0.9816799
Rice_Leaf_Diease/Rice_Leaf_Diease/test/leaf_blast/leaf_blast (115).jpg,rice_blast,rice_blast,0.9308605
Rice_Leaf_Diease/Rice_Leaf_Diease/test/leaf_blast/leaf_blast (116).jpg,rice_blast,rice_blast,0.95267886
Rice_Leaf_Diease/Rice_Leaf_Diease/test/leaf_blast/leaf_blast (117).jpg,rice_blast,rice_blast,0.9864999
Rice_Leaf_Diease/Rice_Leaf_Diease/test/leaf_blast/leaf_blast (118).jpg,rice_blast,rice_blast,0.9813215
Rice_Leaf_Diease/Rice_Leaf_Diease/test/leaf_blast/leaf_blast (119).jpg,rice_blast,rice_blast,0.9797243
Rice_Leaf_Diease/Rice_Leaf_Diease/test/leaf_blast/leaf_blast (12).jpg,rice_blast,rice_blast,0.93792415
Rice_Leaf_Diease/Rice_Leaf_Diease/test/leaf_blast/leaf_blast (120).jpg,rice_blast,rice_blast,0.97230196
Rice_Leaf_Diease/Rice_Leaf_Diease/test/leaf_blast/leaf_blast (121).jpg,rice_blast,rice_blast,0.9683653
Rice_Leaf_Diease/Rice_Leaf_Diease/test/leaf_blast/leaf_blast (123).jpg,rice_blast,rice_blast,0.96151865
Rice_Leaf_Diease/Rice_Leaf_Diease/test/leaf_blast/leaf_blast (124).jpg,rice_blast,rice_blast,0.98790807
Rice_Leaf_Diease/Rice_Leaf_Diease/test/leaf_blast/leaf_blast (125).jpg,rice_blast,rice_blast,0.9707889
Rice_Leaf_Diease/Rice_Leaf_Diease/test/leaf_blast/leaf_blast (126).jpg,rice_blast,rice_blast,0.98778385
Rice_Leaf_Diease/Rice_Leaf_Diease/test/leaf_blast/leaf_blast (127).jpg,rice_blast,rice_blast,0.98067653
Rice_Leaf_Diease/Rice_Leaf_Diease/test/leaf_blast/leaf_blast (128).jpg,rice_blast,rice_blast,0.9794334
Rice_Leaf_Diease/Rice_Leaf_Diease/test/leaf_blast/leaf_blast (129).jpg,rice_blast,rice_blast,0.9773777
Rice_Leaf_Diease/Rice_Leaf_Diease/test/leaf_blast/leaf_blast (13).jpg,rice_blast,rice_blast,0.9775209
Rice_Leaf_Diease/Rice_Leaf_Diease/test/leaf_blast/leaf_blast (130).jpg,rice_blast,rice_blast,0.9850751
Rice_Leaf_Diease/Rice_Leaf_Diease/test/leaf_blast/leaf_blast (131).jpg,rice_blast,rice_blast,0.9829948
Rice_Leaf_Diease/Rice_Leaf_Diease/test/leaf_blast/leaf_blast (132).jpg,rice_blast,rice_blast,0.98618245
Rice_Leaf_Diease/Rice_Leaf_Diease/test/leaf_blast/leaf_blast (133).jpg,rice_blast,rice_blast,0.990149
Rice_Leaf_Diease/Rice_Leaf_Diease/test/leaf_blast/leaf_blast (134).jpg,rice_blast,rice_blast,0.97842705
Rice_Leaf_Diease/Rice_Leaf_Diease/test/leaf_blast/leaf_blast (135).jpg,rice_blast,rice_blast,0.9957967
Rice_Leaf_Diease/Rice_Leaf_Diease/test/leaf_blast/leaf_blast (136).jpg,rice_blast,rice_blast,0.9441356
Rice_Leaf_Diease/Rice_Leaf_Diease/test/leaf_blast/leaf_blast (137).jpg,rice_blast,rice_blast,0.9861963
Rice_Leaf_Diease/Rice_Leaf_Diease/test/leaf_blast/leaf_blast (138).jpg,rice_blast,rice_blast,0.92015594
Rice_Leaf_Diease/Rice_Leaf_Diease/test/leaf_blast/leaf_blast (139).jpg,rice_blast,rice_blast,0.98111516
Rice_Leaf_Diease/Rice_Leaf_Diease/test/leaf_blast/leaf_blast (14).jpg,rice_blast,rice_blast,0.9970228
Rice_Leaf_Diease/Rice_Leaf_Diease/test/leaf_blast/leaf_blast (141).jpg,rice_blast,rice_blast,0.98065317
Rice_Leaf_Diease/Rice_Leaf_Diease/test/leaf_blast/leaf_blast (142).jpg,rice_blast,rice_blast,0.9842891
Rice_Leaf_Diease/Rice_Leaf_Diease/test/leaf_blast/leaf_blast (143).jpg,rice_blast,rice_blast,0.97788143
Rice_Leaf_Diease/Rice_Leaf_Diease/test/leaf_blast/leaf_blast (144).jpg,rice_blast,rice_blast,0.9796086
Rice_Leaf_Diease/Rice_Leaf_Diease/test/leaf_blast/leaf_blast (145).jpg,rice_blast,rice_blast,0.98456234
Rice_Leaf_Diease/Rice_Leaf_Diease/test/leaf_blast/leaf_blast (146).jpg,rice_blast,rice_blast,0.9903549
Rice_Leaf_Diease/Rice_Leaf_Diease/test/leaf_blast/leaf_blast (147).jpg,rice_blast,rice_blast,0.97026676
Rice_Leaf_Diease/Rice_Leaf_Diease/test/leaf_blast/leaf_blast (148).jpg,rice_blast,rice_blast,0.9773098
Rice_Leaf_Diease/Rice_Leaf_Diease/test/leaf_blast/leaf_blast (15).jpg,rice_blast,rice_blast,0.95702845
Rice_Leaf_Diease/Rice_Leaf_Diease/test/leaf_blast/leaf_blast (150).jpg,rice_blast,rice_blast,0.97735107
Rice_Leaf_Diease/Rice_Leaf_Diease/test/leaf_blast/leaf_blast (152).jpg,rice_blast,rice_blast,0.96617156
Rice_Leaf_Diease/Rice_Leaf_Diease/test/leaf_blast/leaf_blast (153).jpg,rice_blast,rice_blast,0.9773169
Rice_Leaf_Diease/Rice_Leaf_Diease/test/leaf_blast/leaf_blast (154).jpg,rice_blast,rice_blast,0.9604145
Rice_Leaf_Diease/Rice_Leaf_Diease/test/leaf_blast/leaf_blast (155).jpg,rice_blast,rice_blast,0.97151697
Rice_Leaf_Diease/Rice_Leaf_Diease/test/leaf_blast/leaf_blast (156).jpg,rice_blast,rice_blast,0.8738768
Rice_Leaf_Diease/Rice_Leaf_Diease/test/leaf_blast/leaf_blast (157).jpg,rice_blast,rice_blast,0.9633511
Rice_Leaf_Diease/Rice_Leaf_Diease/test/leaf_blast/leaf_blast (158).jpg,rice_blast,rice_blast,0.970539
Rice_Leaf_Diease/Rice_Leaf_Diease/test/leaf_blast/leaf_blast (159).jpg,rice_blast,rice_blast,0.92933935
Rice_Leaf_Diease/Rice_Leaf_Diease/test/leaf_blast/leaf_blast (16).jpg,rice_blast,rice_blast,0.89504427
Rice_Leaf_Diease/Rice_Leaf_Diease/test/leaf_blast/leaf_blast (160).jpg,rice_blast,rice_blast,0.9378321
Rice_Leaf_Diease/Rice_Leaf_Diease/test/leaf_blast/leaf_blast (161).jpg,rice_blast,rice_blast,0.97309387
Rice_Leaf_Diease/Rice_Leaf_Diease/test/leaf_blast/leaf_blast (162).jpg,rice_blast,rice_blast,0.98071516
Rice_Leaf_Diease/Rice_Leaf_Diease/test/leaf_blast/leaf_blast (163).jpg,rice_blast,rice_blast,0.97699225
Rice_Leaf_Diease/Rice_Leaf_Diease/test/leaf_blast/leaf_blast (164).jpg,rice_blast,rice_blast,0.98492914
Rice_Leaf_Diease/Rice_Leaf_Diease/test/leaf_blast/leaf_blast (165).jpg,rice_blast,rice_blast,0.9700556
Rice_Leaf_Diease/Rice_Leaf_Diease/test/leaf_blast/leaf_blast (166).jpg,rice_blast,rice_blast,0.960764
Rice_Leaf_Diease/Rice_Leaf_Diease/test/leaf_blast/leaf_blast (167).jpg,rice_blast,rice_blast,0.99626166
Rice_Leaf_Diease/Rice_Leaf_Diease/test/leaf_blast/leaf_blast (168).jpg,rice_blast,rice_blast,0.977521
Rice_Leaf_Diease/Rice_Leaf_Diease/test/leaf_blast/leaf_blast (169).jpg,rice_blast,rice_blast,0.9541489
Rice_Leaf_Diease/Rice_Leaf_Diease/test/leaf_blast/leaf_blast (17).jpg,rice_blast,rice_blast,0.9396831
Rice_Leaf_Diease/Rice_Leaf_Diease/test/leaf_blast/leaf_blast (170).jpg,rice_blast,rice_blast,0.9344857
Rice_Leaf_Diease/Rice_Leaf_Diease/test/leaf_blast/leaf_blast (171).jpg,rice_blast,rice_blast,0.9391063
Rice_Leaf_Diease/Rice_Leaf_Diease/test/leaf_blast/leaf_blast (172).jpg,rice_blast,rice_blast,0.94052434
Rice_Leaf_Diease/Rice_Leaf_Diease/test/leaf_blast/leaf_blast (173).jpg,rice_blast,rice_blast,0.998004
Rice_Leaf_Diease/Rice_Leaf_Diease/test/leaf_blast/leaf_blast (174).jpg,rice_blast,rice_blast,0.9968262
Rice_Leaf_Diease/Rice_Leaf_Diease/test/leaf_blast/leaf_blast (175).jpg,rice_blast,rice_blast,0.9779925
Rice_Leaf_Diease/Rice_Leaf_Diease/test/leaf_blast/leaf_blast (176).jpg,rice_blast,rice_blast,0.994313
Rice_Leaf_Diease/Rice_Leaf_Diease/test/leaf_blast/leaf_blast (177).jpg,rice_blast,rice_blast,0.9882031
Rice_Leaf_Diease/Rice_Leaf_Diease/test/leaf_blast/leaf_blast (178).jpg,rice_blast,rice_blast,0.99172467
Rice_Leaf_Diease/Rice_Leaf_Diease/test/leaf_blast/leaf_blast (179).jpg,rice_blast,rice_blast,0.98728615
Rice_Leaf_Diease/Rice_Leaf_Diease/test/leaf_blast/leaf_blast (18).jpg,rice_blast,rice_blast,0.92630553
Rice_Leaf_Diease/Rice_Leaf_Diease/test/leaf_blast/leaf_blast (180).jpg,rice_blast,rice_blast,0.99760497
Rice_Leaf_Diease/Rice_Leaf_Diease/test/leaf_blast/leaf_blast (181).jpg,rice_blast,rice_blast,0.99603313
Rice_Leaf_Diease/Rice_Leaf_Diease/test/leaf_blast/leaf_blast (182).jpg,rice_blast,rice_blast,0.99173534
Rice_Leaf_Diease/Rice_Leaf_Diease/test/leaf_blast/leaf_blast (183).jpg,rice_blast,rice_blast,0.987855
Rice_Leaf_Diease/Rice_Leaf_Diease/test/leaf_blast/leaf_blast (184).jpg,rice_blast,rice_blast,0.9772142
Rice_Leaf_Diease/Rice_Leaf_Diease/test/leaf_blast/leaf_blast (185).jpg,rice_blast,rice_blast,0.9768074
Rice_Leaf_Diease/Rice_Leaf_Diease/test/leaf_blast/leaf_blast (186).jpg,rice_blast,rice_blast,0.9833071
Rice_Leaf_Diease/Rice_Leaf_Diease/test/leaf_blast/leaf_blast (187).jpg,rice_blast,rice_blast,0.9760375
Rice_Leaf_Diease/Rice_Leaf_Diease/test/leaf_blast/leaf_blast (188).jpg,rice_blast,rice_blast,0.9747249
Rice_Leaf_Diease/Rice_Leaf_Diease/test/leaf_blast/leaf_blast (189).jpg,rice_blast,rice_blast,0.8437238
Rice_Leaf_Diease/Rice_Leaf_Diease/test/leaf_blast/leaf_blast (19).jpg,rice_blast,rice_blast,0.8915478
Rice_Leaf_Diease/Rice_Leaf_Diease/test/leaf_blast/leaf_blast (190).jpg,rice_blast,rice_blast,0.946659
Rice_Leaf_Diease/Rice_Leaf_Diease/test/leaf_blast/leaf_blast (191).jpg,rice_blast,rice_blast,0.9240694
Rice_Leaf_Diease/Rice_Leaf_Diease/test/leaf_blast/leaf_blast (192).jpg,rice_blast,rice_blast,0.9894447
Rice_Leaf_Diease/Rice_Leaf_Diease/test/leaf_blast/leaf_blast (193).jpg,rice_blast,rice_blast,0.9755618
Rice_Leaf_Diease/Rice_Leaf_Diease/test/leaf_blast/leaf_blast (194).jpg,rice_blast,rice_blast,0.98031574
Rice_Leaf_Diease/Rice_Leaf_Diease/test/leaf_blast/leaf_blast (195).jpg,rice_blast,rice_blast,0.9872866
Rice_Leaf_Diease/Rice_Leaf_Diease/test/leaf_blast/leaf_blast (196).jpg,rice_blast,rice_blast,0.93934065
Rice_Leaf_Diease/Rice_Leaf_Diease/test/leaf_blast/leaf_blast (197).jpg,rice_blast,rice_blast,0.99147075
Rice_Leaf_Diease/Rice_Leaf_Diease/test/leaf_blast/leaf_blast (198).jpg,rice_blast,rice_blast,0.96039474
Rice_Leaf_Diease/Rice_Leaf_Diease/test/leaf_blast/leaf_blast (199).jpg,rice_blast,rice_blast,0.9708567
Rice_Leaf_Diease/Rice_Leaf_Diease/test/leaf_blast/leaf_blast (2).jpg,rice_blast,rice_blast,0.9436082
Rice_Leaf_Diease/Rice_Leaf_Diease/test/leaf_blast/leaf_blast (20).jpg,rice_blast,rice_blast,0.6368655
Rice_Leaf_Diease/Rice_Leaf_Diease/test/leaf_blast/leaf_blast (200).jpg,rice_blast,rice_blast,0.9693433
Rice_Leaf_Diease/Rice_Leaf_Diease/test/leaf_blast/leaf_blast (201).jpg,rice_blast,rice_blast,0.9767754
Rice_Leaf_Diease/Rice_Leaf_Diease/test/leaf_blast/leaf_blast (202).jpg,rice_blast,rice_blast,0.9745402
Rice_Leaf_Diease/Rice_Leaf_Diease/test/leaf_blast/leaf_blast (203).jpg,rice_blast,rice_blast,0.9557941
Rice_Leaf_Diease/Rice_Leaf_Diease/test/leaf_blast/leaf_blast (205).jpg,rice_blast,rice_blast,0.9862185
Rice_Leaf_Diease/Rice_Leaf_Diease/test/leaf_blast/leaf_blast (206).jpg,rice_blast,rice_blast,0.9673662
Rice_Leaf_Diease/Rice_Leaf_Diease/test/leaf_blast/leaf_blast (207).jpg,rice_blast,rice_blast,0.9603622
Rice_Leaf_Diease/Rice_Leaf_Diease/test/leaf_blast/leaf_blast (209).jpg,rice_blast,rice_blast,0.9706477
Rice_Leaf_Diease/Rice_Leaf_Diease/test/leaf_blast/leaf_blast (21).jpg,rice_blast,rice_blast,0.9538665
Rice_Leaf_Diease/Rice_Leaf_Diease/test/leaf_blast/leaf_blast (210).jpg,rice_blast,rice_blast,0.9865058
Rice_Leaf_Diease/Rice_Leaf_Diease/test/leaf_blast/leaf_blast (211).jpg,rice_blast,rice_blast,0.97756743
Rice_Leaf_Diease/Rice_Leaf_Diease/test/leaf_blast/leaf_blast (212).jpg,rice_blast,rice_blast,0.98641473
Rice_Leaf_Diease/Rice_Leaf_Diease/test/leaf_blast/leaf_blast (213).jpg,rice_blast,rice_blast,0.9772167
Rice_Leaf_Diease/Rice_Leaf_Diease/test/leaf_blast/leaf_blast (214).jpg,rice_blast,rice_blast,0.9772595
Rice_Leaf_Diease/Rice_Leaf_Diease/test/leaf_blast/leaf_blast (215).jpg,rice_blast,rice_blast,0.9785447
Rice_Leaf_Diease/Rice_Leaf_Diease/test/leaf_blast/leaf_blast (217).jpg,rice_blast,rice_blast,0.98156446
Rice_Leaf_Diease/Rice_Leaf_Diease/test/leaf_blast/leaf_blast (22).jpg,rice_blast,rice_blast,0.95335835
Rice_Leaf_Diease/Rice_Leaf_Diease/test/leaf_blast/leaf_blast (23).jpg,rice_blast,rice_blast,0.98251075
Rice_Leaf_Diease/Rice_Leaf_Diease/test/leaf_blast/leaf_blast (236).jpg,rice_blast,rice_blast,0.94491154
Rice_Leaf_Diease/Rice_Leaf_Diease/test/leaf_blast/leaf_blast (237).jpg,rice_blast,rice_blast,0.83691394
Rice_Leaf_Diease/Rice_Leaf_Diease/test/leaf_blast/leaf_blast (238).jpg,rice_blast,rice_blast,0.7685796
Rice_Leaf_Diease/Rice_Leaf_Diease/test/leaf_blast/leaf_blast (239).jpg,rice_blast,rice_blast,0.67980725
Rice_Leaf_Diease/Rice_Leaf_Diease/test/leaf_blast/leaf_blast (24).jpg,rice_blast,rice_blast,0.97459656
Rice_Leaf_Diease/Rice_Leaf_Diease/test/leaf_blast/leaf_blast (240).jpg,rice_blast,rice_blast,0.8290371
Rice_Leaf_Diease/Rice_Leaf_Diease/test/leaf_blast/leaf_blast (241).jpg,rice_blast,rice_blast,0.93943316
Rice_Leaf_Diease/Rice_Leaf_Diease/test/leaf_blast/leaf_blast (242).jpg,rice_blast,rice_blast,0.91501635
Rice_Leaf_Diease/Rice_Leaf_Diease/test/leaf_blast/leaf_blast (243).jpg,rice_blast,rice_blast,0.9863095
Rice_Leaf_Diease/Rice_Leaf_Diease/test/leaf_blast/leaf_blast (244).jpg,rice_blast,rice_blast,0.9746727
Rice_Leaf_Diease/Rice_Leaf_Diease/test/leaf_blast/leaf_blast (245).jpg,rice_blast,rice_blast,0.97773576
Rice_Leaf_Diease/Rice_Leaf_Diease/test/leaf_blast/leaf_blast (246).jpg,rice_blast,rice_blast,0.95034504
Rice_Leaf_Diease/Rice_Leaf_Diease/test/leaf_blast/leaf_blast (247).jpg,rice_blast,rice_blast,0.98374104
Rice_Leaf_Diease/Rice_Leaf_Diease/test/leaf_blast/leaf_blast (248).jpg,rice_blast,rice_blast,0.96138364
Rice_Leaf_Diease/Rice_Leaf_Diease/test/leaf_blast/leaf_blast (249).jpg,rice_blast,rice_blast,0.9549202
Rice_Leaf_Diease/Rice_Leaf_Diease/test/leaf_blast/leaf_blast (25).jpg,rice_blast,rice_blast,0.93297607
Rice_Leaf_Diease/Rice_Leaf_Diease/test/leaf_blast/leaf_blast (250).jpg,rice_blast,rice_blast,0.94263375
Rice_Leaf_Diease/Rice_Leaf_Diease/test/leaf_blast/leaf_blast (251).jpg,rice_blast,rice_blast,0.95628756
Rice_Leaf_Diease/Rice_Leaf_Diease/test/leaf_blast/leaf_blast (252).jpg,rice_blast,rice_blast,0.9546243
Rice_Leaf_Diease/Rice_Leaf_Diease/test/leaf_blast/leaf_blast (253).jpg,rice_blast,rice_blast,0.9524841
Rice_Leaf_Diease/Rice_Leaf_Diease/test/leaf_blast/leaf_blast (254).jpg,rice_blast,rice_blast,0.9476472
Rice_Leaf_Diease/Rice_Leaf_Diease/test/leaf_blast/leaf_blast (255).jpg,rice_blast,rice_blast,0.9915348
Rice_Leaf_Diease/Rice_Leaf_Diease/test/leaf_blast/leaf_blast (256).jpg,rice_blast,rice_blast,0.9747059
Rice_Leaf_Diease/Rice_Leaf_Diease/test/leaf_blast/leaf_blast (257).jpg,rice_blast,rice_blast,0.9641392
Rice_Leaf_Diease/Rice_Leaf_Diease/test/leaf_blast/leaf_blast (258).jpg,rice_blast,rice_blast,0.9537214
Rice_Leaf_Diease/Rice_Leaf_Diease/test/leaf_blast/leaf_blast (259).jpg,rice_blast,rice_blast,0.98700666
Rice_Leaf_Diease/Rice_Leaf_Diease/test/leaf_blast/leaf_blast (26).jpg,rice_blast,rice_blast,0.93822104
Rice_Leaf_Diease/Rice_Leaf_Diease/test/leaf_blast/leaf_blast (260).jpg,rice_blast,rice_blast,0.9729171
Rice_Leaf_Diease/Rice_Leaf_Diease/test/leaf_blast/leaf_blast (261).jpg,rice_blast,rice_blast,0.99091995
Rice_Leaf_Diease/Rice_Leaf_Diease/test/leaf_blast/leaf_blast (262).jpg,rice_blast,rice_blast,0.9727951
Rice_Leaf_Diease/Rice_Leaf_Diease/test/leaf_blast/leaf_blast (263).jpg,rice_blast,rice_blast,0.98078305
Rice_Leaf_Diease/Rice_Leaf_Diease/test/leaf_blast/leaf_blast (264).jpg,rice_blast,rice_blast,0.9714216
Rice_Leaf_Diease/Rice_Leaf_Diease/test/leaf_blast/leaf_blast (265).jpg,rice_blast,rice_blast,0.97043467
Rice_Leaf_Diease/Rice_Leaf_Diease/test/leaf_blast/leaf_blast (266).jpg,rice_blast,rice_blast,0.9546926
Rice_Leaf_Diease/Rice_Leaf_Diease/test/leaf_blast/leaf_blast (267).jpg,rice_blast,rice_blast,0.9562359
Rice_Leaf_Diease/Rice_Leaf_Diease/test/leaf_blast/leaf_blast (268).jpg,rice_blast,rice_blast,0.9896339
Rice_Leaf_Diease/Rice_Leaf_Diease/test/leaf_blast/leaf_blast (269).jpg,rice_blast,rice_blast,0.98123413
Rice_Leaf_Diease/Rice_Leaf_Diease/test/leaf_blast/leaf_blast (27).jpg,rice_blast,rice_blast,0.9396669
Rice_Leaf_Diease/Rice_Leaf_Diease/test/leaf_blast/leaf_blast (270).jpg,rice_blast,rice_blast,0.97970474
Rice_Leaf_Diease/Rice_Leaf_Diease/test/leaf_blast/leaf_blast (271).jpg,rice_blast,rice_blast,0.9489895
Rice_Leaf_Diease/Rice_Leaf_Diease/test/leaf_blast/leaf_blast (272).jpg,rice_blast,healthy,0.6242263
Rice_Leaf_Diease/Rice_Leaf_Diease/test/leaf_blast/leaf_blast (273).jpg,rice_blast,rice_blast,0.9846907
Rice_Leaf_Diease/Rice_Leaf_Diease/test/leaf_blast/leaf_blast (274).jpg,rice_blast,rice_blast,0.96992075
Rice_Leaf_Diease/Rice_Leaf_Diease/test/leaf_blast/leaf_blast (275).jpg,rice_blast,rice_blast,0.98234826
Rice_Leaf_Diease/Rice_Leaf_Diease/test/leaf_blast/leaf_blast (276).jpg,rice_blast,rice_blast,0.9814507
Rice_Leaf_Diease/Rice_Leaf_Diease/test/leaf_blast/leaf_blast (277).jpg,rice_blast,rice_blast,0.9820473
Rice_Leaf_Diease/Rice_Leaf_Diease/test/leaf_blast/leaf_blast (278).jpg,rice_blast,rice_blast,0.9756555
Rice_Leaf_Diease/Rice_Leaf_Diease/test/leaf_blast/leaf_blast (279).jpg,rice_blast,rice_blast,0.989488
Rice_Leaf_Diease/Rice_Leaf_Diease/test/leaf_blast/leaf_blast (28).jpg,rice_blast,rice_blast,0.8786354
Rice_Leaf_Diease/Rice_Leaf_Diease/test/leaf_blast/leaf_blast (280).jpg,rice_blast,rice_blast,0.97641367
Rice_Leaf_Diease/Rice_Leaf_Diease/test/leaf_blast/leaf_blast (281).jpg,rice_blast,rice_blast,0.9579
Rice_Leaf_Diease/Rice_Leaf_Diease/test/leaf_blast/leaf_blast (282).jpg,rice_blast,rice_blast,0.9866666
Rice_Leaf_Diease/Rice_Leaf_Diease/test/leaf_blast/leaf_blast (283).jpg,rice_blast,rice_blast,0.9820632
Rice_Leaf_Diease/Rice_Leaf_Diease/test/leaf_blast/leaf_blast (284).jpg,rice_blast,rice_blast,0.981847
Rice_Leaf_Diease/Rice_Leaf_Diease/test/leaf_blast/leaf_blast (285).jpg,rice_blast,rice_blast,0.96543735
Rice_Leaf_Diease/Rice_Leaf_Diease/test/leaf_blast/leaf_blast (286).jpg,rice_blast,rice_blast,0.99391645
Rice_Leaf_Diease/Rice_Leaf_Diease/test/leaf_blast/leaf_blast (287).jpg,rice_blast,rice_blast,0.96465564
Rice_Leaf_Diease/Rice_Leaf_Diease/test/leaf_blast/leaf_blast (288).jpg,rice_blast,rice_blast,0.97325766
Rice_Leaf_Diease/Rice_Leaf_Diease/test/leaf_blast/leaf_blast (289).jpg,rice_blast,rice_blast,0.9689781
Rice_Leaf_Diease/Rice_Leaf_Diease/test/leaf_blast/leaf_blast (29).jpg,rice_blast,rice_blast,0.95004
Rice_Leaf_Diease/Rice_Leaf_Diease/test/leaf_blast/leaf_blast (290).jpg,rice_blast,rice_blast,0.97984916
Rice_Leaf_Diease/Rice_Leaf_Diease/test/leaf_blast/leaf_blast (291).jpg,rice_blast,rice_blast,0.9800379
Rice_Leaf_Diease/Rice_Leaf_Diease/test/leaf_blast/leaf_blast (292).jpg,rice_blast,rice_blast,0.98596406
Rice_Leaf_Diease/Rice_Leaf_Diease/test/leaf_blast/leaf_blast (293).jpg,rice_blast,rice_blast,0.975633
Rice_Leaf_Diease/Rice_Leaf_Diease/test/leaf_blast/leaf_blast (294).jpg,rice_blast,rice_blast,0.964884
Rice_Leaf_Diease/Rice_Leaf_Diease/test/leaf_blast/leaf_blast (295).jpg,rice_blast,rice_blast,0.9440556
Rice_Leaf_Diease/Rice_Leaf_Diease/test/leaf_blast/leaf_blast (296).jpg,rice_blast,rice_blast,0.97037697
Rice_Leaf_Diease/Rice_Leaf_Diease/test/leaf_blast/leaf_blast (297).jpg,rice_blast,rice_blast,0.9725548
Rice_Leaf_Diease/Rice_Leaf_Diease/test/leaf_blast/leaf_blast (298).jpg,rice_blast,rice_blast,0.9921834
Rice_Leaf_Diease/Rice_Leaf_Diease/test/leaf_blast/leaf_blast (3).jpg,rice_blast,rice_blast,0.94304717
Rice_Leaf_Diease/Rice_Leaf_Diease/test/leaf_blast/leaf_blast (30).jpg,rice_blast,rice_blast,0.97060287
Rice_Leaf_Diease/Rice_Leaf_Diease/test/leaf_blast/leaf_blast (300).jpg,rice_blast,rice_blast,0.9797686
Rice_Leaf_Diease/Rice_Leaf_Diease/test/leaf_blast/leaf_blast (302).jpg,rice_blast,rice_blast,0.98887104
Rice_Leaf_Diease/Rice_Leaf_Diease/test/leaf_blast/leaf_blast (303).jpg,rice_blast,rice_blast,0.9747074
Rice_Leaf_Diease/Rice_Leaf_Diease/test/leaf_blast/leaf_blast (304).jpg,rice_blast,rice_blast,0.9807087
Rice_Leaf_Diease/Rice_Leaf_Diease/test/leaf_blast/leaf_blast (305).jpg,rice_blast,rice_blast,0.9841351
Rice_Leaf_Diease/Rice_Leaf_Diease/test/leaf_blast/leaf_blast (308).jpg,rice_blast,rice_blast,0.9817329
Rice_Leaf_Diease/Rice_Leaf_Diease/test/leaf_blast/leaf_blast (309).jpg,rice_blast,rice_blast,0.98454076
Rice_Leaf_Diease/Rice_Leaf_Diease/test/leaf_blast/leaf_blast (31).jpg,rice_blast,rice_blast,0.9825363
Rice_Leaf_Diease/Rice_Leaf_Diease/test/leaf_blast/leaf_blast (310).jpg,rice_blast,rice_blast,0.9756482
Rice_Leaf_Diease/Rice_Leaf_Diease/test/leaf_blast/leaf_blast (311).jpg,rice_blast,rice_blast,0.95874405
Rice_Leaf_Diease/Rice_Leaf_Diease/test/leaf_blast/leaf_blast (312).jpg,rice_blast,rice_blast,0.9779414
Rice_Leaf_Diease/Rice_Leaf_Diease/test/leaf_blast/leaf_blast (313).jpg,rice_blast,rice_blast,0.87145185
Rice_Leaf_Diease/Rice_Leaf_Diease/test/leaf_blast/leaf_blast (32).jpg,rice_blast,rice_blast,0.9932736
Rice_Leaf_Diease/Rice_Leaf_Diease/test/leaf_blast/leaf_blast (33).jpg,rice_blast,rice_blast,0.9688288
Rice_Leaf_Diease/Rice_Leaf_Diease/test/leaf_blast/leaf_blast (338).jpg,rice_blast,rice_blast,0.9666381
Rice_Leaf_Diease/Rice_Leaf_Diease/test/leaf_blast/leaf_blast (339).jpg,rice_blast,rice_blast,0.97585154
Rice_Leaf_Diease/Rice_Leaf_Diease/test/leaf_blast/leaf_blast (34).jpg,rice_blast,rice_blast,0.99792093
Rice_Leaf_Diease/Rice_Leaf_Diease/test/leaf_blast/leaf_blast (340).jpg,rice_blast,rice_blast,0.9928341
Rice_Leaf_Diease/Rice_Leaf_Diease/test/leaf_blast/leaf_blast (341).jpg,rice_blast,rice_blast,0.9916141
Rice_Leaf_Diease/Rice_Leaf_Diease/test/leaf_blast/leaf_blast (342).jpg,rice_blast,rice_blast,0.9720463
Rice_Leaf_Diease/Rice_Leaf_Diease/test/leaf_blast/leaf_blast (343).jpg,rice_blast,rice_blast,0.9392985
Rice_Leaf_Diease/Rice_Leaf_Diease/test/leaf_blast/leaf_blast (344).jpg,rice_blast,rice_blast,0.98472184
Rice_Leaf_Diease/Rice_Leaf_Diease/test/leaf_blast/leaf_blast (345).jpg,rice_blast,rice_blast,0.9435546
Rice_Leaf_Diease/Rice_Leaf_Diease/test/leaf_blast/leaf_blast (346).jpg,rice_blast,rice_blast,0.96458733
Rice_Leaf_Diease/Rice_Leaf_Diease/test/leaf_blast/leaf_blast (347).jpg,rice_blast,rice_blast,0.9059282
Rice_Leaf_Diease/Rice_Leaf_Diease/test/leaf_blast/leaf_blast (348).jpg,rice_blast,rice_blast,0.9385456
Rice_Leaf_Diease/Rice_Leaf_Diease/test/leaf_blast/leaf_blast (349).jpg,rice_blast,rice_blast,0.9322285
Rice_Leaf_Diease/Rice_Leaf_Diease/test/leaf_blast/leaf_blast (35).jpg,rice_blast,rice_blast,0.98508495
Rice_Leaf_Diease/Rice_Leaf_Diease/test/leaf_blast/leaf_blast (350).jpg,rice_blast,rice_blast,0.92996407
Rice_Leaf_Diease/Rice_Leaf_Diease/test/leaf_blast/leaf_blast (36).jpg,rice_blast,rice_blast,0.979514
Rice_Leaf_Diease/Rice_Leaf_Diease/test/leaf_blast/leaf_blast (37).jpg,rice_blast,rice_blast,0.98927784
Rice_Leaf_Diease/Rice_Leaf_Diease/test/leaf_blast/leaf_blast (38).jpg,rice_blast,rice_blast,0.99229044
Rice_Leaf_Diease/Rice_Leaf_Diease/test/leaf_blast/leaf_blast (39).jpg,rice_blast,rice_blast,0.9892509
Rice_Leaf_Diease/Rice_Leaf_Diease/test/leaf_blast/leaf_blast (4).jpg,rice_blast,rice_blast,0.97649926
Rice_Leaf_Diease/Rice_Leaf_Diease/test/leaf_blast/leaf_blast (40).jpg,rice_blast,rice_blast,0.956736
Rice_Leaf_Diease/Rice_Leaf_Diease/test/leaf_blast/leaf_blast (41).jpg,rice_blast,rice_blast,0.93532705
Rice_Leaf_Diease/Rice_Leaf_Diease/test/leaf_blast/leaf_blast (42).jpg,rice_blast,rice_blast,0.97444975
Rice_Leaf_Diease/Rice_Leaf_Diease/test/leaf_blast/leaf_blast (43).jpg,rice_blast,rice_blast,0.99679935
Rice_Leaf_Diease/Rice_Leaf_Diease/test/leaf_blast/leaf_blast (44).jpg,rice_blast,rice_blast,0.9724874
Rice_Leaf_Diease/Rice_Leaf_Diease/test/leaf_blast/leaf_blast (45).jpg,rice_blast,rice_blast,0.9945314
Rice_Leaf_Diease/Rice_Leaf_Diease/test/leaf_blast/leaf_blast (46).jpg,rice_blast,rice_blast,0.9716176
Rice_Leaf_Diease/Rice_Leaf_Diease/test/leaf_blast/leaf_blast (47).jpg,rice_blast,rice_blast,0.95282483
Rice_Leaf_Diease/Rice_Leaf_Diease/test/leaf_blast/leaf_blast (48).jpg,rice_blast,rice_blast,0.9701465
Rice_Leaf_Diease/Rice_Leaf_Diease/test/leaf_blast/leaf_blast (49).jpg,rice_blast,rice_blast,0.9944805
Rice_Leaf_Diease/Rice_Leaf_Diease/test/leaf_blast/leaf_blast (5).jpg,rice_blast,rice_blast,0.96789396
Rice_Leaf_Diease/Rice_Leaf_Diease/test/leaf_blast/leaf_blast (50).jpg,rice_blast,rice_blast,0.8708204
Rice_Leaf_Diease/Rice_Leaf_Diease/test/leaf_blast/leaf_blast (51).jpg,rice_blast,rice_blast,0.9859496
Rice_Leaf_Diease/Rice_Leaf_Diease/test/leaf_blast/leaf_blast (53).jpg,rice_blast,rice_blast,0.97713155
Rice_Leaf_Diease/Rice_Leaf_Diease/test/leaf_blast/leaf_blast (54).jpg,rice_blast,rice_blast,0.9321903
Rice_Leaf_Diease/Rice_Leaf_Diease/test/leaf_blast/leaf_blast (55).jpg,rice_blast,rice_blast,0.9840507
Rice_Leaf_Diease/Rice_Leaf_Diease/test/leaf_blast/leaf_blast (56).jpg,rice_blast,rice_blast,0.9206373
Rice_Leaf_Diease/Rice_Leaf_Diease/test/leaf_blast/leaf_blast (57).jpg,rice_blast,rice_blast,0.9717765
Rice_Leaf_Diease/Rice_Leaf_Diease/test/leaf_blast/leaf_blast (58).jpg,rice_blast,rice_blast,0.9502529
Rice_Leaf_Diease/Rice_Leaf_Diease/test/leaf_blast/leaf_blast (59).jpg,rice_blast,rice_blast,0.96656656
Rice_Leaf_Diease/Rice_Leaf_Diease/test/leaf_blast/leaf_blast (6).jpg,rice_blast,rice_blast,0.9518507
Rice_Leaf_Diease/Rice_Leaf_Diease/test/leaf_blast/leaf_blast (60).jpg,rice_blast,rice_blast,0.98476
Rice_Leaf_Diease/Rice_Leaf_Diease/test/leaf_blast/leaf_blast (61).jpg,rice_blast,rice_blast,0.9568193
Rice_Leaf_Diease/Rice_Leaf_Diease/test/leaf_blast/leaf_blast (62).jpg,rice_blast,rice_blast,0.9666959
Rice_Leaf_Diease/Rice_Leaf_Diease/test/leaf_blast/leaf_blast (63).jpg,rice_blast,rice_blast,0.99957496
Rice_Leaf_Diease/Rice_Leaf_Diease/test/leaf_blast/leaf_blast (64).jpg,rice_blast,rice_blast,0.9914989
Rice_Leaf_Diease/Rice_Leaf_Diease/test/leaf_blast/leaf_blast (65).jpg,rice_blast,rice_blast,0.9946902
Rice_Leaf_Diease/Rice_Leaf_Diease/test/leaf_blast/leaf_blast (66).jpg,rice_blast,rice_blast,0.9837352
Rice_Leaf_Diease/Rice_Leaf_Diease/test/leaf_blast/leaf_blast (67).jpg,rice_blast,rice_blast,0.9745404
Rice_Leaf_Diease/Rice_Leaf_Diease/test/leaf_blast/leaf_blast (68).jpg,rice_blast,rice_blast,0.977786
Rice_Leaf_Diease/Rice_Leaf_Diease/test/leaf_blast/leaf_blast (69).jpg,rice_blast,rice_blast,0.9690908
Rice_Leaf_Diease/Rice_Leaf_Diease/test/leaf_blast/leaf_blast (7).jpg,rice_blast,rice_blast,0.9777035
Rice_Leaf_Diease/Rice_Leaf_Diease/test/leaf_blast/leaf_blast (70).jpg,rice_blast,rice_blast,0.9932801
Rice_Leaf_Diease/Rice_Leaf_Diease/test/leaf_blast/leaf_blast (71).jpg,rice_blast,rice_blast,0.97099024
Rice_Leaf_Diease/Rice_Leaf_Diease/test/leaf_blast/leaf_blast (72).jpg,rice_blast,rice_blast,0.97777003
Rice_Leaf_Diease/Rice_Leaf_Diease/test/leaf_blast/leaf_blast (73).jpg,rice_blast,rice_blast,0.961139
Rice_Leaf_Diease/Rice_Leaf_Diease/test/leaf_blast/leaf_blast (74).jpg,rice_blast,rice_blast,0.9633667
Rice_Leaf_Diease/Rice_Leaf_Diease/test/leaf_blast/leaf_blast (75).jpg,rice_blast,rice_blast,0.9677023
Rice_Leaf_Diease/Rice_Leaf_Diease/test/leaf_blast/leaf_blast (76).jpg,rice_blast,rice_blast,0.9775711
Rice_Leaf_Diease/Rice_Leaf_Diease/test/leaf_blast/leaf_blast (77).jpg,rice_blast,rice_blast,0.96933985
Rice_Leaf_Diease/Rice_Leaf_Diease/test/leaf_blast/leaf_blast (78).jpg,rice_blast,rice_blast,0.97212684
Rice_Leaf_Diease/Rice_Leaf_Diease/test/leaf_blast/leaf_blast (79).jpg,rice_blast,rice_blast,0.95928437
Rice_Leaf_Diease/Rice_Leaf_Diease/test/leaf_blast/leaf_blast (8).jpg,rice_blast,rice_blast,0.98353124
Rice_Leaf_Diease/Rice_Leaf_Diease/test/leaf_blast/leaf_blast (80).jpg,rice_blast,rice_blast,0.9128214
Rice_Leaf_Diease/Rice_Leaf_Diease/test/leaf_blast/leaf_blast (81).jpg,rice_blast,rice_blast,0.9462639
Rice_Leaf_Diease/Rice_Leaf_Diease/test/leaf_blast/leaf_blast (82).jpg,rice_blast,rice_blast,0.855477
Rice_Leaf_Diease/Rice_Leaf_Diease/test/leaf_blast/leaf_blast (83).jpg,rice_blast,rice_blast,0.8808222
Rice_Leaf_Diease/Rice_Leaf_Diease/test/leaf_blast/leaf_blast (84).jpg,rice_blast,rice_blast,0.8948006
Rice_Leaf_Diease/Rice_Leaf_Diease/test/leaf_blast/leaf_blast (85).jpg,rice_blast,rice_blast,0.99307764
Rice_Leaf_Diease/Rice_Leaf_Diease/test/leaf_blast/leaf_blast (86).jpg,rice_blast,rice_blast,0.9467988
Rice_Leaf_Diease/Rice_Leaf_Diease/test/leaf_blast/leaf_blast (87).jpg,rice_blast,rice_blast,0.81145495
Rice_Leaf_Diease/Rice_Leaf_Diease/test/leaf_blast/leaf_blast (88).jpg,rice_blast,rice_blast,0.78380764
Rice_Leaf_Diease/Rice_Leaf_Diease/test/leaf_blast/leaf_blast (89).jpg,rice_blast,rice_blast,0.90739554
Rice_Leaf_Diease/Rice_Leaf_Diease/test/leaf_blast/leaf_blast (9).jpg,rice_blast,rice_blast,0.9741867
Rice_Leaf_Diease/Rice_Leaf_Diease/test/leaf_blast/leaf_blast (90).jpg,rice_blast,rice_blast,0.9370223
Rice_Leaf_Diease/Rice_Leaf_Diease/test/leaf_blast/leaf_blast (91).jpg,rice_blast,rice_blast,0.965515
Rice_Leaf_Diease/Rice_Leaf_Diease/test/leaf_blast/leaf_blast (92).jpg,rice_blast,rice_blast,0.9264332
Rice_Leaf_Diease/Rice_Leaf_Diease/test/leaf_blast/leaf_blast (93).jpg,rice_blast,rice_blast,0.91649806
Rice_Leaf_Diease/Rice_Leaf_Diease/test/leaf_blast/leaf_blast (94).jpg,rice_blast,rice_blast,0.9743678
Rice_Leaf_Diease/Rice_Leaf_Diease/test/leaf_blast/leaf_blast (95).jpg,rice_blast,rice_blast,0.9236779
Rice_Leaf_Diease/Rice_Leaf_Diease/test/leaf_blast/leaf_blast (96).jpg,rice_blast,rice_blast,0.9292676
Rice_Leaf_Diease/Rice_Leaf_Diease/test/leaf_blast/leaf_blast (97).jpg,rice_blast,rice_blast,0.9304598
Rice_Leaf_Diease/Rice_Leaf_Diease/test/leaf_blast/leaf_blast (98).jpg,rice_blast,rice_blast,0.869252
Rice_Leaf_Diease/Rice_Leaf_Diease/test/leaf_blast/leaf_blast (99).jpg,rice_blast,rice_blast,0.96095085
Rice_Leaf_Diease/Rice_Leaf_Diease/test/leaf_blast/mehedi (4).jpg,rice_blast,rice_blast,0.9650735
Rice_Leaf_Diease/Rice_Leaf_Diease/test/leaf_blast/more_017dca1c44a290a10616fe5faaa5207a88cc8cedc4f06c269272666b544d3e0c.jpg,rice_blast,rice_blast,0.98758173
Rice_Leaf_Diease/Rice_Leaf_Diease/test/leaf_blast/more_017fe89285acf21c506417699e047ebfbf1a1dee487d38b69a8fd01710e0c7a8.jpg,rice_blast,rice_blast,0.96966076
Rice_Leaf_Diease/Rice_Leaf_Diease/test/leaf_blast/more_0215894daa8eb5c32017a61ca50766eade97f12cd6d14b74280f0160b330a8a5.jpg,rice_blast,rice_blast,0.9766218
Rice_Leaf_Diease/Rice_Leaf_Diease/test/leaf_blast/more_0251a762797c19382208dbb0cbbd2bfa91e656a8fb785dde5213955ed92c4576.jpg,rice_blast,rice_blast,0.9614945
Rice_Leaf_Diease/Rice_Leaf_Diease/test/leaf_blast/more_03601f8b8bf26d7e0859943d1b8fabadb32f84ebc8870e689569343b234cf667.jpg,rice_blast,rice_blast,0.99021626
Rice_Leaf_Diease/Rice_Leaf_Diease/test/leaf_blast/more_056e15690546bb641d5de29adc96dcf1a2515f7d2f8cf623275113ac529cd80d.jpg,rice_blast,rice_blast,0.98006976
Rice_Leaf_Diease/Rice_Leaf_Diease/test/leaf_blast/more_064167c8725db5393fdcba14e74afeda8adf2425e5ab91b2c22359f290dcaae9.jpg,rice_blast,rice_blast,0.97047955
Rice_Leaf_Diease/Rice_Leaf_Diease/test/leaf_blast/more_06e84327053ab05ef7da0f7ed66dfe039c03547b32a7e0faec8e25b23e4fe4a5.jpg,rice_blast,rice_blast,0.8953193
Rice_Leaf_Diease/Rice_Leaf_Diease/test/leaf_blast/more_081221130b3c5b1f3cc17a0966272baee1510c068a486f768041f93e78b69947.jpg,rice_blast,rice_blast,0.9806271
Rice_Leaf_Diease/Rice_Leaf_Diease/test/leaf_blast/more_0926e7338b4a1c0a0e6b25d86090b6d0c8221274118bd4946de290197bf63d88.jpg,rice_blast,rice_blast,0.948455
Rice_Leaf_Diease/Rice_Leaf_Diease/test/leaf_blast/more_0a8f878e5de5d23407190238c9379b7822f4c92aab4038eb4a0bc3fab9fd9f49.jpg,rice_blast,healthy,0.36378258
Rice_Leaf_Diease/Rice_Leaf_Diease/test/leaf_blast/more_0b51a6186508e63f9b3f3dafea0be6058c6c8435f9b30be3ae1f856741437e5d.jpg,rice_blast,rice_blast,0.91844195
Rice_Leaf_Diease/Rice_Leaf_Diease/test/leaf_blast/more_0b542d6d4d43a57e9fa36ef292e30831cc56cd63c7af80b5267230f7ce11d876.jpg,rice_blast,rice_blast,0.97573197
Rice_Leaf_Diease/Rice_Leaf_Diease/test/leaf_blast/more_0b8a6faf926abe484fe556067b764fa2602b0d34503646239917447396eca158.jpg,rice_blast,rice_blast,0.9913511
Rice_Leaf_Diease/Rice_Leaf_Diease/test/leaf_blast/more_0b8f83efca29cf444b2a9d6a8393bd58de6759f8462fb8cbbadc2dede049b62f.jpg,rice_blast,rice_blast,0.951013
Rice_Leaf_Diease/Rice_Leaf_Diease/test/leaf_blast/more_0bcce2e1b44f3931c7522b3c4dd2ca511c921cb79335a3639550ff967857b363.jpg,rice_blast,healthy,0.7021008
Rice_Leaf_Diease/Rice_Leaf_Diease/test/leaf_blast/more_0bce998601d08265cc059d6a99f1695e3fe8472cb473000824f55f744891ad61.jpg,rice_blast,rice_blast,0.6657213
Rice_Leaf_Diease/Rice_Leaf_Diease/test/leaf_blast/more_0c0ad0162fab1159d8966e66d767f5071c2e226d0b39a3f29129410f8dddeb55.jpg,rice_blast,rice_blast,0.966729
Rice_Leaf_Diease/Rice_Leaf_Diease/test/leaf_blast/more_0d8b0db470eee2c1095d2398f088858af2fa2d2a613e9e84140763fbd507c819.jpg,rice_blast,rice_blast,0.7020819
Rice_Leaf_Diease/Rice_Leaf_Diease/test/leaf_blast/more_0eba96218a1293513c63b905b6fe097931225257f3ba46e4bc7030d73cedcf12.jpg,rice_blast,rice_blast,0.9699486
Rice_Leaf_Diease/Rice_Leaf_Diease/test/leaf_blast/more_0f6b36494b77838feab61b8e08d975a9c708a8e51853e41aaf09caeb699060b5.jpg,rice_blast,rice_blast,0.919786
Rice_Leaf_Diease/Rice_Leaf_Diease/test/leaf_blast/more_0fb810ed479baa129670f901782ef2d0d292739ff8a7c13d8a5167ca356f3864.jpg,rice_blast,rice_blast,0.91313374
Rice_Leaf_Diease/Rice_Leaf_Diease/test/leaf_blast/more_100d1ac4a0c4f4b7d7213f3c89024f41c21ed2d4ca9bda3572646ff422444d96.jpg,rice_blast,rice_blast,0.97982645
Rice_Leaf_Diease/Rice_Leaf_Diease/test/leaf_blast/more_10945ad6af2a48c328ab968c889432377a56074ae6fb87868f964b02a08b337a.jpg,rice_blast,rice_blast,0.97985464
Rice_Leaf_Diease/Rice_Leaf_Diease/test/leaf_blast/more_113e6ef81763f89947ce619db6d656c6eedf4f9b043b2a5824b538e496d0c111.jpg,rice_blast,rice_blast,0.9661727
Rice_Leaf_Diease/Rice_Leaf_Diease/test/leaf_blast/more_12b6a3b06ba65eed96be1ecca4f14f2a161a424689ad6a671854f56feb87f2f0.jpg,rice_blast,rice_blast,0.9311442
Rice_Leaf_Diease/Rice_Leaf_Diease/test/leaf_blast/more_12fb70822dfdf0ad68da1ef1ce10d659cb8f88d2a5c1c34fbd065033ffce86aa.jpg,rice_blast,rice_blast,0.9853534
Rice_Leaf_Diease/Rice_Leaf_Diease/test/leaf_blast/more_1507a7ce5f55ab996bd40c6204622b96f85b15f9ceabb3cced7e67fc5bd0c369.jpg,rice_blast,rice_blast,0.89536446
Rice_Leaf_Diease/Rice_Leaf_Diease/test/leaf_blast/more_156220635d9830a37fe875d4e5ad33c6c43e0ea7c522e5eda595c22859e1c1e7.jpg,rice_blast,rice_blast,0.9699922
Rice_Leaf_Diease/Rice_Leaf_Diease/test/leaf_blast/more_15625a5a28e7373f249f77436431daaa1e7f2ae3a4c4d9475f6b8297586e8876.jpg,rice_blast,rice_blast,0.962974
Rice_Leaf_Diease/Rice_Leaf_Diease/test/leaf_blast/more_1577f0c585f3af5f019514922e2c5b8e8dcaf55e8852dac3ac0009d73779f11d.jpg,rice_blast,rice_blast,0.9592478
Rice_Leaf_Diease/Rice_Leaf_Diease/test/leaf_blast/more_1668cf85d7d9d8010ec52d0e3e0602236fadac18bb2a9f3ad3aa222388124cfa.jpg,rice_blast,rice_blast,0.97707236
Rice_Leaf_Diease/Rice_Leaf_Diease/test/leaf_blast/more_16b2d6448db49f9db644d34f22d27221e95bc3c777f31cb62238653dea401b5b.jpg,rice_blast,rice_blast,0.9563567
Rice_Leaf_Diease/Rice_Leaf_Diease/test/leaf_blast/more_19793bbd44d688a66e4860d29b4e267c2660f8043bc21ae9eed98cdf4467ec3a.jpg,rice_blast,rice_blast,0.97642946
Rice_Leaf_Diease/Rice_Leaf_Diease/test/leaf_blast/more_19a60cffbacf6013c9817f7b5f2dd92f87338e3bafec763267682b53c81d6661.jpg,rice_blast,rice_blast,0.9686206
Rice_Leaf_Diease/Rice_Leaf_Diease/test/leaf_blast/more_1ba615aa3483b2a1707d63f38ba2b1c7aae6ce0fc0ae545dacb37503f58f311d.jpg,rice_blast,rice_blast,0.9796331
Rice_Leaf_Diease/Rice_Leaf_Diease/test/leaf_blast/more_1bfdeb38682c5ff5e4ba1f0518d064ede1bb4ca18f92d28a5dd432c8e92962ea.jpg,rice_blast,rice_blast,0.9574114
Rice_Leaf_Diease/Rice_Leaf_Diease/test/leaf_blast/more_1dea775cdbedd3f48a657e90652bdec0645764f1580927971a1d8a370155a791.jpg,rice_blast,rice_blast,0.8997259
Rice_Leaf_Diease/Rice_Leaf_Diease/test/leaf_blast/more_24f7711040ccb725235b3093b203ea5759f111136ae7238f9c51c123134c309c.jpg,rice_blast,rice_blast,0.71450335
Rice_Leaf_Diease/Rice_Leaf_Diease/test/leaf_blast/more_2842b3f370a0b95abdb96827830759bb27031661ebb6f98efc2db77a01aa3b91.jpg,rice_blast,rice_blast,0.97870594
Rice_Leaf_Diease/Rice_Leaf_Diease/test/leaf_blast/more_2868c371fe1790c08dccb1e94d29b536934ab86b10bd6b2655751d4cc3b675d3.jpg,rice_blast,rice_blast,0.99207425
Rice_Leaf_Diease/Rice_Leaf_Diease/test/leaf_blast/more_2996caa208b9fbc2f24b47b225f3dcf6927b1661ac3dd90006cffd06ade87daa.jpg,rice_blast,sheath_blight,0.80839056
Rice_Leaf_Diease/Rice_Leaf_Diease/test/leaf_blast/more_2a1ed2c79686c87b1292c54cbad30f97cbbed8fc15dfbe9a048a17987a107def.jpg,rice_blast,rice_blast,0.94573194
Rice_Leaf_Diease/Rice_Leaf_Diease/test/leaf_blast/more_2afc0e6f0cc966783e6743e4ba5720b7456218303c3b61c4d460ce1e9b9f3208.jpg,rice_blast,rice_blast,0.97403926
Rice_Leaf_Diease/Rice_Leaf_Diease/test/leaf_blast/more_2d6f188f98644b992e53c4dc7e2e4d664c0f6ae4919f8471a951ee6b4abe9e81.jpg,rice_blast,rice_blast,0.97719973
Rice_Leaf_Diease/Rice_Leaf_Diease/test/leaf_blast/more_2d75a7bfd2162feaf1ad351d5c8967faccd46b90603c25d4f31b59b31c0afd97.jpg,rice_blast,rice_blast,0.96249974
Rice_Leaf_Diease/Rice_Leaf_Diease/test/leaf_blast/more_2db1774bb4ca2e7efeb71569d9139b0f320e754bb7ed81bdd0d011f7ddd83988.jpg,rice_blast,rice_blast,0.98646134
Rice_Leaf_Diease/Rice_Leaf_Diease/test/leaf_blast/more_2e63a4ead70b900b26b830b16498a59198d01f05c7ad7eff2f4acfdddd94500a.jpg,rice_blast,rice_blast,0.9760275
Rice_Leaf_Diease/Rice_Leaf_Diease/test/leaf_blast/more_2ecfad81c3f53aebe74b2622f2719f391cac78fe66c80214cd214d4d34a9599f.jpg,rice_blast,rice_blast,0.92216605
Rice_Leaf_Diease/Rice_Leaf_Diease/test/leaf_blast/more_30c8ade4b998163f8efd26111656cbbc2efc2b44e159384abf9e7f2dcce20c22.jpg,rice_blast,rice_blast,0.9680742
Rice_Leaf_Diease/Rice_Leaf_Diease/test/leaf_blast/more_31068973052784242e611b570505d8be938c37edadbd69faed61cc1453dab5d4.jpg,rice_blast,rice_blast,0.9848082
Rice_Leaf_Diease/Rice_Leaf_Diease/test/leaf_blast/more_32a5f35727f8935dc984aa50e7b2db0bc015549d7bd78a7d039fecf8cd05b73d.jpg,rice_blast,rice_blast,0.95784587
Rice_Leaf_Diease/Rice_Leaf_Diease/test/leaf_blast/more_32cf93ef5fe5af68ef4d9196533ddaeda8dbcee450f3b486de1aa218cca2b701.jpg,rice_blast,rice_blast,0.863763
Rice_Leaf_Diease/Rice_Leaf_Diease/test/leaf_blast/more_33949da258f6ba6cfeaecc72131ed2db281a6bef5ae50afe10db6548d40a8ffe.jpg,rice_blast,rice_blast,0.9481712
Rice_Leaf_Diease/Rice_Leaf_Diease/test/leaf_blast/more_344016335804eb922a68299b31c4a51d35f90b2dd9b16c1f05ce17e2c733f3c9.jpg,rice_blast,rice_blast,0.97466743
Rice_Leaf_Diease/Rice_Leaf_Diease/test/leaf_blast/more_3554ae37d7f21e5757873747e95420010cd32fec38acd56faa2a831e69e88ddb.jpg,rice_blast,rice_blast,0.9415902
Rice_Leaf_Diease/Rice_Leaf_Diease/test/leaf_blast/more_361b42a803250a68d23abca18898a27a9e2494e4e52046198eb04c9d654f7c1c.jpg,rice_blast,healthy,0.48821348
Rice_Leaf_Diease/Rice_Leaf_Diease/test/leaf_blast/more_379dc9bf4cc060a7f6ccc5442f620dead10f9e07d31b1496ccfca6a171423458.jpg,rice_blast,rice_blast,0.9434279
Rice_Leaf_Diease/Rice_Leaf_Diease/test/leaf_blast/more_37ad7e4b617e5d2360f30c5f9f421e1b02a8e5336616d34e74d58d6214dd0393.jpg,rice_blast,rice_blast,0.9613187
Rice_Leaf_Diease/Rice_Leaf_Diease/test/leaf_blast/more_37b2af7afb70038fd749fabb1d606b319d7ed1b974bdd95d9c3ee8280003c0c0.jpg,rice_blast,rice_blast,0.98279554
Rice_Leaf_Diease/Rice_Leaf_Diease/test/leaf_blast/more_382f170fc6e9c8258f162e4ac5a661bf7288db36f8be9aa7826be55b3b9998da.jpg,rice_blast,rice_blast,0.9654528
Rice_Leaf_Diease/Rice_Leaf_Diease/test/leaf_blast/more_39f3cea2bcadfd0c9c33f5e6ee829b12e2bdc9811b9756233eddf132f6612af2.jpg,rice_blast,rice_blast,0.9748462
Rice_Leaf_Diease/Rice_Leaf_Diease/test/leaf_blast/more_3a2b766735a30fe7f19be4f603c233852d1dfc0c19af6a55098a59e95f991fcd.jpg,rice_blast,rice_blast,0.95769876
Rice_Leaf_Diease/Rice_Leaf_Diease/test/leaf_blast/more_3a8c5af0fcd73309b9cd8465ea12efe4c06c0ae03c9e5d10f688c776480650c0.jpg,rice_blast,rice_blast,0.9896281
Rice_Leaf_Diease/Rice_Leaf_Diease/test/leaf_blast/more_3af3a23f6387c8dab128879009e46b9bb0aaf064366aee52f795abe10199ae96.jpg,rice_blast,rice_blast,0.9643394
Rice_Leaf_Diease/Rice_Leaf_Diease/test/leaf_blast/more_3b9bebfaceaa0d551f89b7024015576483d25061974586ef9eacdb2e67985a53.jpg,rice_blast,rice_blast,0.70343614
Rice_Leaf_Diease/Rice_Leaf_Diease/test/leaf_blast/more_3df936729f42fa6bcbb116c4c356e6798c70ae11d84fe1987ce3152508227471.jpg,rice_blast,rice_blast,0.9789458
Rice_Leaf_Diease/Rice_Leaf_Diease/test/leaf_blast/more_3e0a3c004aedd4cb862909122ad9c75496de673a0b29dcda159069234d29e850.jpg,rice_blast,rice_blast,0.996609
Rice_Leaf_Diease/Rice_Leaf_Diease/test/leaf_blast/more_3f7f9b70643295b7b3d5c5a351f8ffade90a36c652af84a0fef94d903035e495.jpg,rice_blast,rice_blast,0.960861
Rice_Leaf_Diease/Rice_Leaf_Diease/test/leaf_blast/more_405291bbf631159b04a63a061cbc2898627b7c7b5d54652a405b27b15169d449.jpg,rice_blast,rice_blast,0.9705749
Rice_Leaf_Diease/Rice_Leaf_Diease/test/leaf_blast/more_4185552a86de3e157ff479b2ee3c72d701a52f1ec53048c0fd0c4b274ef97be4.jpg,rice_blast,rice_blast,0.97268236
Rice_Leaf_Diease/Rice_Leaf_Diease/test/leaf_blast/more_448aa1a2231a1ec6b90d32ea4984f3c59917d1aa581b3583426a475368d6ad0d.jpg,rice_blast,rice_blast,0.980135
Rice_Leaf_Diease/Rice_Leaf_Diease/test/leaf_blast/more_4570423957f6ce4204deb88ecfaf127a2a66c37d8dff07ec867583ebf6a43b05.jpg,rice_blast,healthy,0.9043272
Rice_Leaf_Diease/Rice_Leaf_Diease/test/leaf_blast/more_47b06c36dd1c1d4b96e2952cb21a3292aebf1921406bb52b09edc74500d5e5ea.jpg,rice_blast,rice_blast,0.959428
Rice_Leaf_Diease/Rice_Leaf_Diease/test/leaf_blast/more_482c321f0c201911a56b4ec3352de258945e3bbf93334503c92f41016ed762f9.jpg,rice_blast,rice_blast,0.9522996
Rice_Leaf_Diease/Rice_Leaf_Diease/test/leaf_blast/more_490b40d5a4f8131d5e75d40fd51ce4898e07e1a57d82e4b1da994310d12746d9.jpg,rice_blast,rice_blast,0.9762364
Rice_Leaf_Diease/Rice_Leaf_Diease/test/leaf_blast/more_4a02b6c6e06d8355c7983fff4806e3fef6e305514bd2b0fac520b2365b0bb4ce.jpg,rice_blast,rice_blast,0.98222715
Rice_Leaf_Diease/Rice_Leaf_Diease/test/leaf_blast/more_4ce8500f70627d5f63bd470c36fef1386d8142bfc7c2c7f1bd79957dc2312a51.jpg,rice_blast,rice_blast,0.93101543
Rice_Leaf_Diease/Rice_Leaf_Diease/test/leaf_blast/more_4f0c2a9359bd60c148c712906640cef46dacd4e3a7d5f10dbed8750080d1c2c8.jpg,rice_blast,rice_blast,0.98060364
Rice_Leaf_Diease/Rice_Leaf_Diease/test/leaf_blast/more_502c53cef3f69e7ac8d363b61d123c2ac92ed88ffb2c120d3c4df7f8f5674b74.jpg,rice_blast,rice_blast,0.97152686
Rice_Leaf_Diease/Rice_Leaf_Diease/test/leaf_blast/more_5171bdfa67fe48572c3ed8df5ef1d564ec1eb41c129336d9baf6f3c594d6f745.jpg,rice_blast,rice_blast,0.9718769
Rice_Leaf_Diease/Rice_Leaf_Diease/test/leaf_blast/more_51a8ec56d61aa8adcac9c62f89db369d3b68500a2d7e5e43e40651671719ff6c.jpg,rice_blast,rice_blast,0.96259785
Rice_Leaf_Diease/Rice_Leaf_Diease/test/leaf_blast/more_52813a8d581051c3070b6d7415f5d02acfd7011e94495e6efeeb8a825b6eb90f.jpg,rice_blast,rice_blast,0.9621771
Rice_Leaf_Diease/Rice_Leaf_Diease/test/leaf_blast/more_53bdbbabf2410c8783e5cc31a6994872f3e3e07918d9696659b9abf2c3c1c765.jpg,rice_blast,rice_blast,0.954015
Rice_Leaf_Diease/Rice_Leaf_Diease/test/leaf_blast/more_56c38231991a920ca9221ff910fdd9ed41e90c55c70464ac7df2eae987799e68.jpg,rice_blast,rice_blast,0.97430295
Rice_Leaf_Diease/Rice_Leaf_Diease/test/leaf_blast/more_56d0d184a4d420098c9ba634b6ef8863395edc865a0e1ac73b4ec379f76b05a5.jpg,rice_blast,rice_blast,0.9808348
Rice_Leaf_Diease/Rice_Leaf_Diease/test/leaf_blast/more_577506fb21165b3a178311d581bec5e4024420e24749aa1a20218a9f954a6b2d.jpg,rice_blast,rice_blast,0.9741063
Rice_Leaf_Diease/Rice_Leaf_Diease/test/leaf_blast/more_5884fb737e783d6eafbcb698e8c2e81d229364f987f924888f4a7a33e611e853.jpg,rice_blast,rice_blast,0.97826093
Rice_Leaf_Diease/Rice_Leaf_Diease/test/leaf_blast/more_5b6112cecef34a66d982b8b34c17b8c735d867fc9dccbb8cc84f76114fd14c46.jpg,rice_blast,rice_blast,0.9773852
Rice_Leaf_Diease/Rice_Leaf_Diease/test/leaf_blast/more_5d290ffb5051faca42d0782bf9ee763cf9ab6baeb611418fa6b83740ecf970a5.jpg,rice_blast,healthy,0.9581964
Rice_Leaf_Diease/Rice_Leaf_Diease/test/leaf_blast/more_5dde750b3607d406854dbee0b2d4f38b15e1779f1cf353eb7128b3609630c75e.jpg,rice_blast,rice_blast,0.98087007
Rice_Leaf_Diease/Rice_Leaf_Diease/test/leaf_blast/more_5df70a91fb331878524dc5af70c4b27a0aa025783426dec88cfc07bc0ceb48f5.jpg,rice_blast,rice_blast,0.95372605
Rice_Leaf_Diease/Rice_Leaf_Diease/test/leaf_blast/more_5e87eb7deae3708a12157ad6413427bc3dd00452cc254389a8759bb5e2285867.jpg,rice_blast,rice_blast,0.9201877
Rice_Leaf_Diease/Rice_Leaf_Diease/test/leaf_blast/more_5f282016a2154ee238ad4d5507061ff27ca02fe4e7fc7ccf9c0b25311b0295d1.jpg,rice_blast,healthy,0.8724268
Rice_Leaf_Diease/Rice_Leaf_Diease/test/leaf_blast/more_611c95ba0c513b286a823600529ba678de2b75640c2837483c79eecc6b9238a9.jpg,rice_blast,rice_blast,0.9911289
Rice_Leaf_Diease/Rice_Leaf_Diease/test/leaf_blast/more_616473e45aae168a5f6278660034e1779e2375ec453e133b5c5409831ac4497a.jpg,rice_blast,rice_blast,0.9220267
Rice_Leaf_Diease/Rice_Leaf_Diease/test/leaf_blast/more_6170e6ccef63bb03fa39138d8a3d85353637684d656e821a9de653d2ca331641.jpg,rice_blast,rice_blast,0.9641199
Rice_Leaf_Diease/Rice_Leaf_Diease/test/leaf_blast/more_62d2a8d992bfb765cd3b56450a08efafb8ab8d61dd4a8d36ed3b4e56006a38a4.jpg,rice_blast,rice_blast,0.7317245
Rice_Leaf_Diease/Rice_Leaf_Diease/test/leaf_blast/more_630e3a86334d2f3f8400019684ad5870691e5c4edda1b0c54b20eac3257ce602.jpg,rice_blast,rice_blast,0.9724391
Rice_Leaf_Diease/Rice_Leaf_Diease/test/leaf_blast/more_63dce8fe44a4aa3f6df5eecfa180b136cdf4bf3055976488e6ea4388551e45cf.jpg,rice_blast,rice_blast,0.9749351
Rice_Leaf_Diease/Rice_Leaf_Diease/test/leaf_blast/more_63f2ad9982b262d5976e275c169bede967fb9b8fbf4d68c79743cd9bb6a52d8a.jpg,rice_blast,rice_blast,0.98078257
Rice_Leaf_Diease/Rice_Leaf_Diease/test/leaf_blast/more_6498e757914e366ddb038099a7c2476c2f6dbd02ebf1ffabf61bbf6000853c16.jpg,rice_blast,rice_blast,0.9047179
Rice_Leaf_Diease/Rice_Leaf_Diease/test/leaf_blast/more_64b61f2292aa96e296283e89ff981d8927e26e41ce0dadbc2a963fa46d9a71d7.jpg,rice_blast,rice_blast,0.9701127
Rice_Leaf_Diease/Rice_Leaf_Diease/test/leaf_blast/more_661ea799fd063be06a69fca8c23e305c0d23fa291e4e4ea2efe383e47c6d03cf.jpg,rice_blast,rice_blast,0.5564156
Rice_Leaf_Diease/Rice_Leaf_Diease/test/leaf_blast/more_67916d87e4256d09a2624291760fd33ca64d4db2303689b44636f471d9f90267.jpg,rice_blast,rice_blast,0.9908897
Rice_Leaf_Diease/Rice_Leaf_Diease/test/leaf_blast/more_689095b07cbc540fce7b76ddb2abbc21626e006355342e4bc8e56ab0bd8f621d.jpg,rice_blast,rice_blast,0.8836675
Rice_Leaf_Diease/Rice_Leaf_Diease/test/leaf_blast/more_6942b60a34bfb0819709b6906d4174e6cac25de152f7ba13e40f172e2111197e.jpg,rice_blast,rice_blast,0.96282333
Rice_Leaf_Diease/Rice_Leaf_Diease/test/leaf_blast/more_6a78b1748986ff07bdb8c7bd27ef513ece137bb1d3d8b95de5d0e3eb5ac8861b.jpg,rice_blast,rice_blast,0.97901833
Rice_Leaf_Diease/Rice_Leaf_Diease/test/leaf_blast/more_6be9b70a2f5f61a926f59361db9a2a4be9de6417dc24e0462de26c840284d2cd.jpg,rice_blast,brown_spot,0.4871406
Rice_Leaf_Diease/Rice_Leaf_Diease/test/leaf_blast/more_6c2b413973bab24693f24df08b0160982aee47eb649a424f3e35314d22c132db.jpg,rice_blast,rice_blast,0.96369565
Rice_Leaf_Diease/Rice_Leaf_Diease/test/leaf_blast/more_6cbe3ac0e5c01c0b6724d1e299dc88fc87c51077c667c903fcb8f5eaf390b975.jpg,rice_blast,rice_blast,0.9823826
Rice_Leaf_Diease/Rice_Leaf_Diease/test/leaf_blast/more_6e6494527d3b0e5fb3eca209fd7f4e7bb32516487bfe9ebe69e3936a4f464833.jpg,rice_blast,rice_blast,0.9880718
Rice_Leaf_Diease/Rice_Leaf_Diease/test/leaf_blast/more_6f0c910a49ec774a9f5b9ab070ae7c4cf157980063ce5bbb26bc232f3b3d0cda.jpg,rice_blast,healthy,0.8020415
Rice_Leaf_Diease/Rice_Leaf_Diease/test/leaf_blast/more_6f13f8b87426c84ce0f9cc6663314825f85415dcee17244e58e12858834ae3ad.jpg,rice_blast,rice_blast,0.93380445
Rice_Leaf_Diease/Rice_Leaf_Diease/test/leaf_blast/more_707550abff8ebe046116ca8b0e4ad686c07b92d054466d32d14837bbe60a2447.jpg,rice_blast,rice_blast,0.89524835
Rice_Leaf_Diease/Rice_Leaf_Diease/test/leaf_blast/more_7110d2b9f16fd3de3738ba499cdc1a8e893fb8c25b863301feb3d7d45083b819.jpg,rice_blast,rice_blast,0.98707694
Rice_Leaf_Diease/Rice_Leaf_Diease/test/leaf_blast/more_733fa887780d7edba19136c79352929cb058d54f3f4e95f8762b05ee19ac8904.jpg,rice_blast,rice_blast,0.91778576
Rice_Leaf_Diease/Rice_Leaf_Diease/test/leaf_blast/more_738955621d97463dd56eb86d50dc424bbb2a16899ad91f7c0e7010db11672d01.jpg,rice_blast,rice_blast,0.9903018
Rice_Leaf_Diease/Rice_Leaf_Diease/test/leaf_blast/more_73aa8cb76422d0a8a914c3b2f8e9afc0621599593c0154923fbae6fc2060b07b.jpg,rice_blast,rice_blast,0.9868531
Rice_Leaf_Diease/Rice_Leaf_Diease/test/leaf_blast/more_75017c426438b684fc3d335547a2356728483b89b73411ff3a828f4832b98073.jpg,rice_blast,rice_blast,0.98819786
Rice_Leaf_Diease/Rice_Leaf_Diease/test/leaf_blast/more_78010c6d7d37919e4fd28e0a65a267a2adf92ae62b6791430a99364bc6216f1c.jpg,rice_blast,rice_blast,0.9717435
Rice_Leaf_Diease/Rice_Leaf_Diease/test/leaf_blast/more_7806fd2a7d5fa3274e2ae744af32121697d3b70ec2f61e3673b30498b88e2b14.jpg,rice_blast,rice_blast,0.9833104
Rice_Leaf_Diease/Rice_Leaf_Diease/test/leaf_blast/more_7a2aa3db6448c61ee21dae7f8a212e9d52cb3f120e960fec165c3ad5dc511b90.jpg,rice_blast,rice_blast,0.986051
Rice_Leaf_Diease/Rice_Leaf_Diease/test/leaf_blast/more_7aeb57a83fe6a006af3613745a5f09e784b1103f37602b08bf56358d23c35ebb.jpg,rice_blast,rice_blast,0.97697157
Rice_Leaf_Diease/Rice_Leaf_Diease/test/leaf_blast/more_7b21212980c7d0b73503d88bf2ad4d5b85694508c7ffd96cb48a781aacdb4629.jpg,rice_blast,rice_blast,0.95623076
Rice_Leaf_Diease/Rice_Leaf_Diease/test/leaf_blast/more_7d98c6a56efac4ec8971a0cd75ee69e909a87d0fcc05719661574923a39bf693.jpg,rice_blast,healthy,0.8397254
Rice_Leaf_Diease/Rice_Leaf_Diease/test/leaf_blast/more_7df3615191e888ea329198f6c13c846f5af6556b9bbf545a6f28971644793415.jpg,rice_blast,rice_blast,0.97743285
Rice_Leaf_Diease/Rice_Leaf_Diease/test/leaf_blast/more_7e0d675a1a6eef53f83899d39651232c4996d740a423b3d2b84d9f6099003ef9.jpg,rice_blast,rice_blast,0.9949004
Rice_Leaf_Diease/Rice_Leaf_Diease/test/leaf_blast/more_7f05fe0de57cf8a3b872ca6a6a9a0a77e141aedac34295aff7756b86e3cd8cce.jpg,rice_blast,rice_blast,0.9633549
Rice_Leaf_Diease/Rice_Leaf_Diease/test/leaf_blast/more_80f5ea8a78dacd3381ec1548e5e3cb30a95957700fe219e3efdaa139d743850a.jpg,rice_blast,rice_blast,0.9705268
Rice_Leaf_Diease/Rice_Leaf_Diease/test/leaf_blast/more_81a94aa043eb821728db7a58ec0c454554c2067be40f3424ec892fa6f7586bef.jpg,rice_blast,healthy,0.92169887
Rice_Leaf_Diease/Rice_Leaf_Diease/test/leaf_blast/more_82cefd4635df27b63f846bbe08b027331637514c9625a418dff56824db388b30.jpg,rice_blast,rice_blast,0.97599244
Rice_Leaf_Diease/Rice_Leaf_Diease/test/leaf_blast/more_84551f927e2833f11976f596b699b1c737c7e27240bb1488f3d06044f2cf396b.jpg,rice_blast,rice_blast,0.9513769
Rice_Leaf_Diease/Rice_Leaf_Diease/test/leaf_blast/more_84ac6cff46792c22bfb471712f9e9cd763ff4491c964073b2e8eb1576010b357.jpg,rice_blast,rice_blast,0.98905367
Rice_Leaf_Diease/Rice_Leaf_Diease/test/leaf_blast/more_84e1b1177230c1f5d80daea6669379252075aaa2059104db5127e4e5fa3a0e1f.jpg,rice_blast,rice_blast,0.87241685
Rice_Leaf_Diease/Rice_Leaf_Diease/test/leaf_blast/more_8656fdd0fda44819fa5a8e91a2885b876edfa33ed7a61315b26aa495578c4aa9.jpg,rice_blast,rice_blast,0.97297794
Rice_Leaf_Diease/Rice_Leaf_Diease/test/leaf_blast/more_86a7aff4b7d62089e4048b301c782500b9b792bbbf68efba4e7ac894f4d47b47.jpg,rice_blast,rice_blast,0.99304295
Rice_Leaf_Diease/Rice_Leaf_Diease/test/leaf_blast/more_876d923e13e5a6f48581f858426083df72386533bf8c1e26e73cf46a33a07c17.jpg,rice_blast,rice_blast,0.9608622
Rice_Leaf_Diease/Rice_Leaf_Diease/test/leaf_blast/more_877946f390c14869766e887dc431f9dfa82e89e14788bfeaa02b53024099df0f.jpg,rice_blast,rice_blast,0.9539366
Rice_Leaf_Diease/Rice_Leaf_Diease/test/leaf_blast/more_88b9fe273306033c161f41e0b15e48f8e87dfd8fc216c1b6dca13dbad5f49764.jpg,rice_blast,rice_blast,0.97967964
Rice_Leaf_Diease/Rice_Leaf_Diease/test/leaf_blast/more_8a449ffc6397f5c7df48fdadbfda7a474b4f63799c3428b651dd967a1711bb94.jpg,rice_blast,rice_blast,0.97440934
Rice_Leaf_Diease/Rice_Leaf_Diease/test/leaf_blast/more_8aa49264d0d7e6628923ac4c27576bc68f16b3f32eb444b12714774c4f4d34fa.jpg,rice_blast,healthy,0.9464203
Rice_Leaf_Diease/Rice_Leaf_Diease/test/leaf_blast/more_8ab615f4ffbf71a40bdb1d3b79369d6589a448110d0e0c43102c4ede51d4ebaf.jpg,rice_blast,rice_blast,0.95357436
Rice_Leaf_Diease/Rice_Leaf_Diease/test/leaf_blast/more_8c7a85cec15f7ecd79c95f7161aaeba2b4372280f8b9bf0b44e9ae33b61529d8.jpg,rice_blast,rice_blast,0.97328395
Rice_Leaf_Diease/Rice_Leaf_Diease/test/leaf_blast/more_8d32aaafc0d1bf1d61773f39e270755583571e7c389da175d8d49aa3e87b3538.jpg,rice_blast,rice_blast,0.91953564
Rice_Leaf_Diease/Rice_Leaf_Diease/test/leaf_blast/more_8d9a2a2e134e1353df3dca414f5506c1141f86ec31a9c517e8468db00a4015cd.jpg,rice_blast,rice_blast,0.77694124
Rice_Leaf_Diease/Rice_Leaf_Diease/test/leaf_blast/more_8e5adc8e04e7e3189d1d9874261fd077992614e88b7d74aaed9860cc2e35140b.jpg,rice_blast,rice_blast,0.98828053
Rice_Leaf_Diease/Rice_Leaf_Diease/test/leaf_blast/more_8f045c0bce30f5b34aa613b2507fffb06b21347bf28a5137e97d9a953b291c8f.jpg,rice_blast,rice_blast,0.55884373
Rice_Leaf_Diease/Rice_Leaf_Diease/test/leaf_blast/more_8f0ab4ad2133e4a2126f30852b680cdc80ee83256752bde7ed7b0de98a684440.jpg,rice_blast,rice_blast,0.97430736
Rice_Leaf_Diease/Rice_Leaf_Diease/test/leaf_blast/more_9305df9c3b19e097ff09bf5e0e807d48f627add2a6919e04bdbe6354c14e52c1.jpg,rice_blast,rice_blast,0.97172755
Rice_Leaf_Diease/Rice_Leaf_Diease/test/leaf_blast/more_9318382d2d3297bb03b4ef650921bb15b81df9fc548c31ade696a83321e6c6a4.jpg,rice_blast,rice_blast,0.9531911
Rice_Leaf_Diease/Rice_Leaf_Diease/test/leaf_blast/more_931db89b1461374ef3059f1b7cb32913c309c4eeca07976ef47c473aa3b21fc7.jpg,rice_blast,rice_blast,0.96615833
Rice_Leaf_Diease/Rice_Leaf_Diease/test/leaf_blast/more_9567c2a696e11a5ec39bb497b7262104e48878125d25b57996d009b4e328c7f4.jpg,rice_blast,rice_blast,0.9246157
Rice_Leaf_Diease/Rice_Leaf_Diease/test/leaf_blast/more_95f27bdbb5d8ac10f56016847254812ff7bf2f0f595e25c1be442d1ca5c193d8.jpg,rice_blast,rice_blast,0.9625042
Rice_Leaf_Diease/Rice_Leaf_Diease/test/leaf_blast/more_9713c880535f6a1f2437996074df19efaadd70b1dea602109793eb788b7f733b.jpg,rice_blast,rice_blast,0.9964689
Rice_Leaf_Diease/Rice_Leaf_Diease/test/leaf_blast/more_97c89bd68068ba9e5d118aee0b3b1ad49c1db450f95e471643fc8d9be4e19274.jpg,rice_blast,rice_blast,0.9935835
Rice_Leaf_Diease/Rice_Leaf_Diease/test/leaf_blast/more_991be3bd37a8531cd563058a4f93a5eb27b91b77d53b6aec0b287853808b0b1e.jpg,rice_blast,rice_blast,0.9822673
Rice_Leaf_Diease/Rice_Leaf_Diease/test/leaf_blast/more_9a8d747a16d1d4d9bb2da4668c31cdf2d2440eb494795ca42f91259d543e3bce.jpg,rice_blast,rice_blast,0.9674392
Rice_Leaf_Diease/Rice_Leaf_Diease/test/leaf_blast/more_9aa73636d354b83273e95fb3124c4c3f2b04c766d0988718335ec05bb85a130c.jpg,rice_blast,rice_blast,0.96644586
Rice_Leaf_Diease/Rice_Leaf_Diease/test/leaf_blast/more_9be95a6e74147e454fc325575c2d98a931080ba2534ff9d92127bd14f6b34bd8.jpg,rice_blast,rice_blast,0.75497246
Rice_Leaf_Diease/Rice_Leaf_Diease/test/leaf_blast/more_9d5480da8caf23aa91f561a56319a46e0721ee3b547f7a389450a6e17bf47090.jpg,rice_blast,rice_blast,0.9695724
Rice_Leaf_Diease/Rice_Leaf_Diease/test/leaf_blast/more_a0301270ab1365c74b00fb81b49f8bac717261fea85b7f93b6195466b9830016.jpg,rice_blast,rice_blast,0.9808461
Rice_Leaf_Diease/Rice_Leaf_Diease/test/leaf_blast/more_a0b318e7e3cd939f22061c91e0235d5b91d42aaf893a91cf179ca9b42845e98d.jpg,rice_blast,rice_blast,0.9755563
Rice_Leaf_Diease/Rice_Leaf_Diease/test/leaf_blast/more_a25c96d21c6d6beccfdae09f6c15cb070d6c2e6592706d46f951c5a114a34c6f.jpg,rice_blast,rice_blast,0.96074045
Rice_Leaf_Diease/Rice_Leaf_Diease/test/leaf_blast/more_a690d1d784f21c14050a01a3b51343cace536523f0629c12ab99306d3098b37b.jpg,rice_blast,rice_blast,0.9738229
Rice_Leaf_Diease/Rice_Leaf_Diease/test/leaf_blast/more_a6f1ad7c56d824f4a17bc7af977f28e6b7b127b8af379677ee16ac1bb88f2df0.jpg,rice_blast,rice_blast,0.9656402
Rice_Leaf_Diease/Rice_Leaf_Diease/test/leaf_blast/more_a6fcffc68761e9f84ea04ea6aa8b46c931309d38b0cf0041f18d330f8d7fc080.jpg,rice_blast,rice_blast,0.94966024
Rice_Leaf_Diease/Rice_Leaf_Diease/test/leaf_blast/more_a70e10e81228bbe807a1cbf18b25369948e13de42c029631b8ac7cadcd3873d5.jpg,rice_blast,rice_blast,0.96625865
Rice_Leaf_Diease/Rice_Leaf_Diease/test/leaf_blast/more_a855b0883d1d04197f4cae9bdd7a3da689aca30e2cb796e425e559e60ce884d1.jpg,rice_blast,rice_blast,0.94435084
Rice_Leaf_Diease/Rice_Leaf_Diease/test/leaf_blast/more_a8d3b55bd2668a2449745c4c45add7b75b645c9b6d5c402441e5081d54c6025d.jpg,rice_blast,rice_blast,0.9743464
Rice_Leaf_Diease/Rice_Leaf_Diease/test/leaf_blast/more_a93d1e603ecf6237d4cea2e201380aaf5149b28b2526d486637b71cdeb07bf43.jpg,rice_blast,rice_blast,0.9650939
Rice_Leaf_Diease/Rice_Leaf_Diease/test/leaf_blast/more_a9992322d7ce8762b8a3ed90af800f94ba1827290da0b361986c1b2a5becee60.jpg,rice_blast,rice_blast,0.9922333
Rice_Leaf_Diease/Rice_Leaf_Diease/test/leaf_blast/more_a9c54f1e6baf1e7013dd8fb6857a1e450efd6c739288e04a32a02e4d65caf5de.jpg,rice_blast,rice_blast,0.97375304
Rice_Leaf_Diease/Rice_Leaf_Diease/test/leaf_blast/more_aa22d4585c76611639d600805c821267a9e8a5c1769dea19bc30f7ea9a673e68.jpg,rice_blast,healthy,0.9209251
Rice_Leaf_Diease/Rice_Leaf_Diease/test/leaf_blast/more_abf7e456799361ed7994757b41f89c302cf220b571d704153ba9f857fe31dd54.jpg,rice_blast,rice_blast,0.9463488
Rice_Leaf_Diease/Rice_Leaf_Diease/test/leaf_blast/more_accaf66d2ecc62e52110b7efe18412381d537c56532dc12767dd03d354ff7d70.jpg,rice_blast,rice_blast,0.941363
Rice_Leaf_Diease/Rice_Leaf_Diease/test/leaf_blast/more_ad7acfda23ae6c527e39dd7ff04ab9e756fe2e8e301d4526c5099dbfdc086ae6.jpg,rice_blast,rice_blast,0.9937536
Rice_Leaf_Diease/Rice_Leaf_Diease/test/leaf_blast/more_adecb7ac3912fff61c06c428633266d92a3710fd050ce366a2bca8ac4ab6a76f.jpg,rice_blast,rice_blast,0.9805832
Rice_Leaf_Diease/Rice_Leaf_Diease/test/leaf_blast/more_af618d14b526e5fcbd5b093fe8bbcb558b90e8d04a65430ffcb4789f1f7693cb.jpg,rice_blast,rice_blast,0.68567425
Rice_Leaf_Diease/Rice_Leaf_Diease/test/leaf_blast/more_afd766af1ce77b329bc25f448e2a7d2df025d2c3a82423042d04abb08c222aff.jpg,rice_blast,rice_blast,0.9349842
Rice_Leaf_Diease/Rice_Leaf_Diease/test/leaf_blast/more_b1f32189af5df33be2bae008691ecbe54182c63eef2ca13c1375699afa0abc10.jpg,rice_blast,rice_blast,0.947765
Rice_Leaf_Diease/Rice_Leaf_Diease/test/leaf_blast/more_b21a009d01a96c833133b7a923304e7881dbad3d5b5f35453f3834d187da9cd7.jpg,rice_blast,rice_blast,0.9842366
Rice_Leaf_Diease/Rice_Leaf_Diease/test/leaf_blast/more_b266391184162c42174d19a2d34b3835ae9b52be7c9052ab1b18b743a9c97658.jpg,rice_blast,rice_blast,0.9727796
Rice_Leaf_Diease/Rice_Leaf_Diease/test/leaf_blast/more_b55ec61d98ea720234afa005d02e683779b92c29dcabef6d0a8b8b61196f6d8c.jpg,rice_blast,rice_blast,0.9821301
Rice_Leaf_Diease/Rice_Leaf_Diease/test/leaf_blast/more_ba55cac701fd337320a449fbc99657b16e1d8da3aff5ce155354368bbef60c58.jpg,rice_blast,rice_blast,0.963032
Rice_Leaf_Diease/Rice_Leaf_Diease/test/leaf_blast/more_ba8c2045662e2be27a2f2998f3ec4d276781493f119ad26a034724154d64c9e5.jpg,rice_blast,rice_blast,0.9923034
Rice_Leaf_Diease/Rice_Leaf_Diease/test/leaf_blast/more_bb9a12e2c4377feb3eeb527759f71d073a92ec1d992dee85df179d9c8c05698e.jpg,rice_blast,rice_blast,0.9459044
Rice_Leaf_Diease/Rice_Leaf_Diease/test/leaf_blast/more_bbdb4bbb0a8405c5098d8f840671e0b03824325c29fe3ac2885d019fd6076850.jpg,rice_blast,rice_blast,0.969314
Rice_Leaf_Diease/Rice_Leaf_Diease/test/leaf_blast/more_bc2e6f648b4c975fbddcb1a7c356ce8d37a9e76d57f405b1c6818d3044afab4e.jpg,rice_blast,rice_blast,0.98172003
Rice_Leaf_Diease/Rice_Leaf_Diease/test/leaf_blast/more_bd26a1823a2708014285d2ecca5d6d17aa565ab6114a458abe1182f307d6a501.jpg,rice_blast,rice_blast,0.9849317
Rice_Leaf_Diease/Rice_Leaf_Diease/test/leaf_blast/more_bdcf0379ae53ac44e1d2375ad758eaf4b529461fb1c42a88ed68a86bee4b5eec.jpg,rice_blast,healthy,0.63078225
Rice_Leaf_Diease/Rice_Leaf_Diease/test/leaf_blast/more_bf78ae53ccff26d83dc88541aa102a5661ffbef34569687415d043e4edf9d798.jpg,rice_blast,rice_blast,0.97371215
Rice_Leaf_Diease/Rice_Leaf_Diease/test/leaf_blast/more_c37ba60b66133c774ced2c3ea57e084057df7fe55eaaf5617537116e337d866c.jpg,rice_blast,rice_blast,0.9789949
Rice_Leaf_Diease/Rice_Leaf_Diease/test/leaf_blast/more_c47af83260e604d000c7c2af785df2e7db4ec038f6999cc900a95d4053b7bf78.jpg,rice_blast,rice_blast,0.7971988
Rice_Leaf_Diease/Rice_Leaf_Diease/test/leaf_blast/more_c4fea9eb673af2e74c794ccc64f26ca975acdfedca3e6a5ee1c493a83c95893d.jpg,rice_blast,rice_blast,0.9670707
Rice_Leaf_Diease/Rice_Leaf_Diease/test/leaf_blast/more_c5a14a4587a322f8dacc52f08644b44adffab907c477f3fb345b910e00605b08.jpg,rice_blast,rice_blast,0.943922
Rice_Leaf_Diease/Rice_Leaf_Diease/test/leaf_blast/more_c6db0c84da7b5699d0b4a0f5e5125316628d5d1c1ea5c9bd5cd9addb3de28688.jpg,rice_blast,rice_blast,0.99010813
Rice_Leaf_Diease/Rice_Leaf_Diease/test/leaf_blast/more_c6f0fafd159d1164cc695a982df3f6d7eb89d083428f88536a9094f2ff58bc3e.jpg,rice_blast,rice_blast,0.9789099
Rice_Leaf_Diease/Rice_Leaf_Diease/test/leaf_blast/more_c7efc4262d6f8f0795f73de935e4e4a9a4a19d06168b8a1e53147a3e664960c9.jpg,rice_blast,rice_blast,0.98462534
Rice_Leaf_Diease/Rice_Leaf_Diease/test/leaf_blast/more_c967ac152ff5bf89c7297dd3a1772591eabddb1df562fd1f2f522809b4c967c9.jpg,rice_blast,rice_blast,0.95481485
Rice_Leaf_Diease/Rice_Leaf_Diease/test/leaf_blast/more_cd8a4b0d708d08d89e8bec0e6754b449c5b9a7a788a03e74d86fec92b53af8e4.jpg,rice_blast,rice_blast,0.9967217
Rice_Leaf_Diease/Rice_Leaf_Diease/test/leaf_blast/more_cd9deb9b66567ba9a4a2d7e8da9d5ce580b458d8b1f6bfc7bc49dfac20c48dd3.jpg,rice_blast,rice_blast,0.9974371
Rice_Leaf_Diease/Rice_Leaf_Diease/test/leaf_blast/more_ce0e175c741cca93d4cb20e8f1c116a2fd0bf4dcf7588516063a57e3baff4f5f.jpg,rice_blast,rice_blast,0.99813855
Rice_Leaf_Diease/Rice_Leaf_Diease/test/leaf_blast/more_ce15248f03690bb9a30b45441ea7641caa95c366c32590c502ad34c4ed4c2871.jpg,rice_blast,rice_blast,0.9722983
Rice_Leaf_Diease/Rice_Leaf_Diease/test/leaf_blast/more_cecf0c7f8ab5646cc8f7eb0ec67cd97a3e6830740c8e0e3f429f2e290aef4cf4.jpg,rice_blast,rice_blast,0.94889164
Rice_Leaf_Diease/Rice_Leaf_Diease/test/leaf_blast/more_cee74a2c02afa359441524774935b976f245d2f58806a61eb27005780a0032ee.jpg,rice_blast,rice_blast,0.9457961
Rice_Leaf_Diease/Rice_Leaf_Diease/test/leaf_blast/more_cfb5da3ae1adcfc1c4412b2f7fb1cbbc6d316c022641e1db8fca363b86b8f743.jpg,rice_blast,rice_blast,0.97221166
Rice_Leaf_Diease/Rice_Leaf_Diease/test/leaf_blast/more_d04a3683af794a223bd43945aed9df1d57e18419c4d01c50b6d2897603e6bd1f.jpg,rice_blast,rice_blast,0.8297921
Rice_Leaf_Diease/Rice_Leaf_Diease/test/leaf_blast/more_d0a1c5425daff6dc124b874d85df4868794cb6fc096480a6a517c2e717bcf9a7.jpg,rice_blast,rice_blast,0.9915255
Rice_Leaf_Diease/Rice_Leaf_Diease/test/leaf_blast/more_d16359b90eb0b02163070c2f7db7978f9044ac66ef6074ac6eda29d14ce5c0ed.jpg,rice_blast,rice_blast,0.96797067
Rice_Leaf_Diease/Rice_Leaf_Diease/test/leaf_blast/more_d256b965ee90824828eaf7448962e6eaafc4ea27c17edc6c12c3ed642c95be5c.jpg,rice_blast,rice_blast,0.95624393
Rice_Leaf_Diease/Rice_Leaf_Diease/test/leaf_blast/more_d27a70e0875341d95879d9986cc467543336609f4845123747a100a364cd7271.jpg,rice_blast,rice_blast,0.9922516
Rice_Leaf_Diease/Rice_Leaf_Diease/test/leaf_blast/more_d342f3192e810ef3a0e4d73c78b79be5ca4549dba77bf7937e608b9b265706cd.jpg,rice_blast,rice_blast,0.9828445
Rice_Leaf_Diease/Rice_Leaf_Diease/test/leaf_blast/more_d38451df90fd5c51f1972d33efcd47d94a19bab88456a158bbbfd7f29b427221.jpg,rice_blast,rice_blast,0.9882053
Rice_Leaf_Diease/Rice_Leaf_Diease/test/leaf_blast/more_d92ca39b24ef61223483e19ecc0a2c60cfef0605af4456439466142a3445ce3a.jpg,rice_blast,rice_blast,0.9627871
Rice_Leaf_Diease/Rice_Leaf_Diease/test/leaf_blast/more_d9bed21ab47533b7a3e75d0bbf73f4911d1d8f81ba1a6f4f75ee62d3c2d363c2.jpg,rice_blast,rice_blast,0.96611196
Rice_Leaf_Diease/Rice_Leaf_Diease/test/leaf_blast/more_db6cae80d8a5f0cd7a4b30957ec9297911c5e55604abed00e750ce1eecc7343b.jpg,rice_blast,rice_blast,0.9732719
Rice_Leaf_Diease/Rice_Leaf_Diease/test/leaf_blast/more_dc9d880c720c4f3d379bf58fdbe1fe4207428d5003e940cfc46a8c97298a3f19.jpg,rice_blast,rice_blast,0.9434371
Rice_Leaf_Diease/Rice_Leaf_Diease/test/leaf_blast/more_de43b18e2f9696b9de4901b4cf0fe4ddf4e17c8e8bbd7b058addfe0dc73636b3.jpg,rice_blast,rice_blast,0.9636788
Rice_Leaf_Diease/Rice_Leaf_Diease/test/leaf_blast/more_de540d57fd80e71c574505db77a22404d02edfb475816314cd7bfff7a879de79.jpg,rice_blast,rice_blast,0.9820373
Rice_Leaf_Diease/Rice_Leaf_Diease/test/leaf_blast/more_df484199c6fc6aaacdd6061d36c839186f19b354b3909137063aa5da17d794ec.jpg,rice_blast,rice_blast,0.92945105
Rice_Leaf_Diease/Rice_Leaf_Diease/test/leaf_blast/more_dfd814020ac682823f110e97b22eee90cde16dec0fbb9a3cc75f5fd4a01e3583.jpg,rice_blast,rice_blast,0.9675907
Rice_Leaf_Diease/Rice_Leaf_Diease/test/leaf_blast/more_e0368782abbe107b7e99b5b87a9d9630a2ff13842086cf269520595c1158b5ea.jpg,rice_blast,rice_blast,0.9778741
Rice_Leaf_Diease/Rice_Leaf_Diease/test/leaf_blast/more_e103b3da295fedc46a420c54456bace4218006012c5d6663fd336fb838d60b4b.jpg,rice_blast,rice_blast,0.9612965
Rice_Leaf_Diease/Rice_Leaf_Diease/test/leaf_blast/more_e3d866b17bd470a5d6550e0e71b8bb8b31517076f47d74e38caabfe8f3b7f0ec.jpg,rice_blast,healthy,0.9412248
Rice_Leaf_Diease/Rice_Leaf_Diease/test/leaf_blast/more_e4744a61b01cc3955cd0cbd096f4e04bd3c13b711df5bf5b844a90db0fb17583.jpg,rice_blast,rice_blast,0.9284761
Rice_Leaf_Diease/Rice_Leaf_Diease/test/leaf_blast/more_e4bab76ae80686a082e94e150e867b660f7d87c581b9bc1fc2bc2fa3b7a510a6.jpg,rice_blast,rice_blast,0.9709838
Rice_Leaf_Diease/Rice_Leaf_Diease/test/leaf_blast/more_e56c1e90b4505c1a14816ba9fee3d9e6052286e92156a1911c9615950a306b53.jpg,rice_blast,rice_blast,0.9893528
Rice_Leaf_Diease/Rice_Leaf_Diease/test/leaf_blast/more_e6d951772e734ad37ffe46d76780a13534dcf675ec5a642b32ae562f564511ef.jpg,rice_blast,rice_blast,0.9638625
Rice_Leaf_Diease/Rice_Leaf_Diease/test/leaf_blast/more_e7d210effbdfe5ec5394dfc02d1e5ce2d06c02fc98d747610e0aed6f4e34e7b7.jpg,rice_blast,rice_blast,0.98408175
Rice_Leaf_Diease/Rice_Leaf_Diease/test/leaf_blast/more_e838bee2269ab683df2665d8aca58b3dd12c3d3d34d97fc4f6fe5947211bb662.jpg,rice_blast,rice_blast,0.9464733
Rice_Leaf_Diease/Rice_Leaf_Diease/test/leaf_blast/more_e9c6ac5a588dbb87a6cc63d528582617824ce2d4a9bb411664ebed68d69569d3.jpg,rice_blast,rice_blast,0.9654358
Rice_Leaf_Diease/Rice_Leaf_Diease/test/leaf_blast/more_ea2181e4be7563f914d66ab6546fd62ab42e3f9bbe9e0a5cea9f00acc8bf00f3.jpg,rice_blast,rice_blast,0.9470921
Rice_Leaf_Diease/Rice_Leaf_Diease/test/leaf_blast/more_ea8138bc2ecbbcaa2077f69bce72e9fa8a5038a0d3719110db4a4910cf57d85b.jpg,rice_blast,rice_blast,0.96843064
Rice_Leaf_Diease/Rice_Leaf_Diease/test/leaf_blast/more_eb75b143ebd12e7032c393267f118fb03483d9124cbf128a526a25bd3b4abc69.jpg,rice_blast,rice_blast,0.9838786
Rice_Leaf_Diease/Rice_Leaf_Diease/test/leaf_blast/more_ecd4c71880496a88f74ffac526e2fb99ca329cf2f647540a7ebc2a0224dafc85.jpg,rice_blast,rice_blast,0.9980926
Rice_Leaf_Diease/Rice_Leaf_Diease/test/leaf_blast/more_ede67dd058de5c601cad75761e0f95a1bcc411a81685d18d026e66ad72d24df8.jpg,rice_blast,rice_blast,0.97877914
Rice_Leaf_Diease/Rice_Leaf_Diease/test/leaf_blast/more_f04c13d3af685854cdf7fdeb55dfe9386b267ba487450ab65eabed1a0efb9ffe.jpg,rice_blast,rice_blast,0.9179115
Rice_Leaf_Diease/Rice_Leaf_Diease/test/leaf_blast/more_f30dac04a0e30aa2f346d1a83eebbe65b034fbb40501366d80cc3f4a479e8f59.jpg,rice_blast,rice_blast,0.9797712
Rice_Leaf_Diease/Rice_Leaf_Diease/test/leaf_blast/more_f4f9bf74d5f02a4d1c7346d6dbef0aeaca1174c80b1b5c9f11f113f5466308d7.jpg,rice_blast,rice_blast,0.8526031
Rice_Leaf_Diease/Rice_Leaf_Diease/test/leaf_blast/more_f5378a4bcd1e209fedd70d7ae3037dc1692d2e23115b902cb763c21a345bb2a6.jpg,rice_blast,rice_blast,0.873305
Rice_Leaf_Diease/Rice_Leaf_Diease/test/leaf_blast/more_f83416bc80a42147355f24aa850fde251b14f702c4573fe42f39297b29218d29.jpg,rice_blast,healthy,0.75702006
Rice_Leaf_Diease/Rice_Leaf_Diease/test/leaf_blast/more_f87ec51a5e03d8f7f5d2399ea9cf15f434ffb9cfefda1264b294458664a06b8a.jpg,rice_blast,rice_blast,0.9705692
Rice_Leaf_Diease/Rice_Leaf_Diease/test/leaf_blast/more_f8dd8e38816b59461eb72075b0f46b5e259b627bce66cc039af41ec29d390924.jpg,rice_blast,rice_blast,0.9882664
Rice_Leaf_Diease/Rice_Leaf_Diease/test/leaf_blast/more_f95bc12d95eb383b8371b69c15fba2ce3531ad49ade7d186b36232a5ae52dd77.jpg,rice_blast,rice_blast,0.97306335
Rice_Leaf_Diease/Rice_Leaf_Diease/test/leaf_blast/more_fa2d92f58c4616237caa4a403d627cb56627eb34877438e0fbd9b355ca357483.jpg,rice_blast,rice_blast,0.95321244
Rice_Leaf_Diease/Rice_Leaf_Diease/test/leaf_blast/more_fa6ff9d92b2de096957bceb0065117509861a9c77419ddc6890fc1d3bd796796.jpg,rice_blast,rice_blast,0.9682943
Rice_Leaf_Diease/Rice_Leaf_Diease/test/leaf_blast/more_fb0ef3a67be0068079b2a8d511af55847acf1d350e73f88532d00dae4fb437d8.jpg,rice_blast,rice_blast,0.9578942
Rice_Leaf_Diease/Rice_Leaf_Diease/test/leaf_blast/more_fb24246149e2504cbb2d62c716dff43211173624897469053213503ac82300fd.jpg,rice_blast,rice_blast,0.9760813
Rice_Leaf_Diease/Rice_Leaf_Diease/test/leaf_blast/more_fbad96550c0b080c71b53dce21e9c827da4b32039dd9bb1678e40b3f06036edd.jpg,rice_blast,rice_blast,0.9842052
Rice_Leaf_Diease/Rice_Leaf_Diease/test/leaf_blast/more_fca8cbf42344bd940de3a6eaf3f2ce5d3a19a4770f75d29e15e571b278b476f4.jpg,rice_blast,rice_blast,0.9887417
Rice_Leaf_Diease/Rice_Leaf_Diease/test/leaf_blast/more_fcdd17282e475350b84aef629a76013f55ca34d593e8b8549128a1d063ab5c97.jpg,rice_blast,rice_blast,0.70849407
Rice_Leaf_Diease/Rice_Leaf_Diease/test/leaf_blast/more_fd16684dc60ec0317d8f85f4d24a2389add36d72bdf896632d48c5f18caafc54.jpg,rice_blast,rice_blast,0.96596944
Rice_Leaf_Diease/Rice_Leaf_Diease/test/leaf_blast/more_fec5305daaf6e954aee1beba9720201776cc1017ee6ff64dd36d7a4227ec238f.jpg,rice_blast,rice_blast,0.8330628
Rice_Leaf_Diease/Rice_Leaf_Diease/test/leaf_blast/more_ff991ca55a86f9040f313fbf361210981dcb8caa74199a7db68e7977d9b354de.jpg,rice_blast,rice_blast,0.9695282
Rice_Leaf_Diease/Rice_Leaf_Diease/test/Sheath Blight/IMG_20231006_163217 - Copy.jpg,sheath_blight,sheath_blight,0.97034115
Rice_Leaf_Diease/Rice_Leaf_Diease/test/Sheath Blight/IMG_20231006_163218 - Copy.jpg,sheath_blight,sheath_blight,0.9740458
Rice_Leaf_Diease/Rice_Leaf_Diease/test/Sheath Blight/IMG_20231006_163219.jpg,sheath_blight,sheath_blight,0.97502875
Rice_Leaf_Diease/Rice_Leaf_Diease/test/Sheath Blight/IMG_20231006_163221 - Copy.jpg,sheath_blight,sheath_blight,0.97256875
Rice_Leaf_Diease/Rice_Leaf_Diease/test/Sheath Blight/IMG_20231006_164304.jpg,sheath_blight,sheath_blight,0.9382202
Rice_Leaf_Diease/Rice_Leaf_Diease/test/Sheath Blight/IMG_20231006_164322.jpg,sheath_blight,sheath_blight,0.95215267
Rice_Leaf_Diease/Rice_Leaf_Diease/test/Sheath Blight/IMG_20231006_164332.jpg,sheath_blight,sheath_blight,0.9758539
Rice_Leaf_Diease/Rice_Leaf_Diease/test/Sheath Blight/IMG_20231014_170945.jpg,sheath_blight,sheath_blight,0.9381224
Rice_Leaf_Diease/Rice_Leaf_Diease/test/Sheath Blight/IMG_20231014_170946.jpg,sheath_blight,sheath_blight,0.9459259
Rice_Leaf_Diease/Rice_Leaf_Diease/test/Sheath Blight/IMG_20231014_170947.jpg,sheath_blight,sheath_blight,0.9365832
Rice_Leaf_Diease/Rice_Leaf_Diease/test/Sheath Blight/IMG_20231014_170949.jpg,sheath_blight,sheath_blight,0.9340514
Rice_Leaf_Diease/Rice_Leaf_Diease/test/Sheath Blight/IMG_20231014_170950.jpg,sheath_blight,sheath_blight,0.8867377
Rice_Leaf_Diease/Rice_Leaf_Diease/test/Sheath Blight/IMG_20231014_170951.jpg,sheath_blight,sheath_blight,0.895873
Rice_Leaf_Diease/Rice_Leaf_Diease/test/Sheath Blight/IMG_20231014_170956.jpg,sheath_blight,sheath_blight,0.9486039
Rice_Leaf_Diease/Rice_Leaf_Diease/test/Sheath Blight/IMG_20231014_170957.jpg,sheath_blight,sheath_blight,0.9698113
Rice_Leaf_Diease/Rice_Leaf_Diease/test/Sheath Blight/IMG_20231014_170958.jpg,sheath_blight,sheath_blight,0.97186184
Rice_Leaf_Diease/Rice_Leaf_Diease/test/Sheath Blight/IMG_20231014_171000.jpg,sheath_blight,sheath_blight,0.94724345
Rice_Leaf_Diease/Rice_Leaf_Diease/test/Sheath Blight/IMG_20231014_171001.jpg,sheath_blight,sheath_blight,0.9802209
Rice_Leaf_Diease/Rice_Leaf_Diease/test/Sheath Blight/IMG_20231014_171003.jpg,sheath_blight,sheath_blight,0.8708219
Rice_Leaf_Diease/Rice_Leaf_Diease/test/Sheath Blight/IMG_20231014_171004.jpg,sheath_blight,sheath_blight,0.9514214
Rice_Leaf_Diease/Rice_Leaf_Diease/test/Sheath Blight/IMG_20231014_171005.jpg,sheath_blight,sheath_blight,0.9503073
Rice_Leaf_Diease/Rice_Leaf_Diease/test/Sheath Blight/IMG_20231014_171005_1.jpg,sheath_blight,sheath_blight,0.96854645
Rice_Leaf_Diease/Rice_Leaf_Diease/test/Sheath Blight/IMG_20231014_171013.jpg,sheath_blight,sheath_blight,0.9582146
Rice_Leaf_Diease/Rice_Leaf_Diease/test/Sheath Blight/IMG_20231014_171014.jpg,sheath_blight,sheath_blight,0.92599905
Rice_Leaf_Diease/Rice_Leaf_Diease/test/Sheath Blight/IMG_20231014_171016.jpg,sheath_blight,sheath_blight,0.9748361
Rice_Leaf_Diease/Rice_Leaf_Diease/test/Sheath Blight/IMG_20231014_171017.jpg,sheath_blight,sheath_blight,0.9589711
Rice_Leaf_Diease/Rice_Leaf_Diease/test/Sheath Blight/IMG_20231014_171018.jpg,sheath_blight,sheath_blight,0.9659818
Rice_Leaf_Diease/Rice_Leaf_Diease/test/Sheath Blight/IMG_20231014_171018_1.jpg,sheath_blight,sheath_blight,0.97520363
Rice_Leaf_Diease/Rice_Leaf_Diease/test/Sheath Blight/IMG_20231014_171019.jpg,sheath_blight,sheath_blight,0.96510935
Rice_Leaf_Diease/Rice_Leaf_Diease/test/Sheath Blight/IMG_20231014_171020.jpg,sheath_blight,sheath_blight,0.9684987
Rice_Leaf_Diease/Rice_Leaf_Diease/test/Sheath Blight/IMG_20231014_171020_1.jpg,sheath_blight,sheath_blight,0.95770246
Rice_Leaf_Diease/Rice_Leaf_Diease/test/Sheath Blight/IMG_20231014_171025.jpg,sheath_blight,sheath_blight,0.8939122
Rice_Leaf_Diease/Rice_Leaf_Diease/test/Sheath Blight/IMG_20231014_171026.jpg,sheath_blight,sheath_blight,0.8714784
Rice_Leaf_Diease/Rice_Leaf_Diease/test/Sheath Blight/IMG_20231014_171030.jpg,sheath_blight,sheath_blight,0.91381
Rice_Leaf_Diease/Rice_Leaf_Diease/test/Sheath Blight/IMG_20231014_171037.jpg,sheath_blight,sheath_blight,0.90838397
Rice_Leaf_Diease/Rice_Leaf_Diease/test/Sheath Blight/IMG_20231014_171050.jpg,sheath_blight,sheath_blight,0.6970463
Rice_Leaf_Diease/Rice_Leaf_Diease/test/Sheath Blight/IMG_20231014_171053.jpg,sheath_blight,sheath_blight,0.9401315
Rice_Leaf_Diease/Rice_Leaf_Diease/test/Sheath Blight/IMG_20231014_171056.jpg,sheath_blight,sheath_blight,0.9731497
Rice_Leaf_Diease/Rice_Leaf_Diease/test/Sheath Blight/IMG_20231014_171057.jpg,sheath_blight,sheath_blight,0.9092022
Rice_Leaf_Diease/Rice_Leaf_Diease/test/Sheath Blight/IMG_20231014_171101.jpg,sheath_blight,sheath_blight,0.9734181
Rice_Leaf_Diease/Rice_Leaf_Diease/test/Sheath Blight/IMG_20231014_171103.jpg,sheath_blight,sheath_blight,0.9724752
Rice_Leaf_Diease/Rice_Leaf_Diease/test/Sheath Blight/IMG_20231014_171110.jpg,sheath_blight,sheath_blight,0.9028135
Rice_Leaf_Diease/Rice_Leaf_Diease/test/Sheath Blight/IMG_20231014_171113.jpg,sheath_blight,sheath_blight,0.8789887
Rice_Leaf_Diease/Rice_Leaf_Diease/test/Sheath Blight/IMG_20231014_171117.jpg,sheath_blight,sheath_blight,0.9329576
Rice_Leaf_Diease/Rice_Leaf_Diease/test/Sheath Blight/IMG_20231014_171209.jpg,sheath_blight,sheath_blight,0.92336893
Rice_Leaf_Diease/Rice_Leaf_Diease/test/Sheath Blight/IMG_20231014_171729.jpg,sheath_blight,sheath_blight,0.9827063
Rice_Leaf_Diease/Rice_Leaf_Diease/test/Sheath Blight/IMG_20231014_171730.jpg,sheath_blight,sheath_blight,0.9688468
Rice_Leaf_Diease/Rice_Leaf_Diease/test/Sheath Blight/IMG_20231014_171736.jpg,sheath_blight,sheath_blight,0.94845486
Rice_Leaf_Diease/Rice_Leaf_Diease/test/Sheath Blight/IMG_20231014_171737.jpg,sheath_blight,sheath_blight,0.98154277
Rice_Leaf_Diease/Rice_Leaf_Diease/test/Sheath Blight/IMG_20231014_171738.jpg,sheath_blight,sheath_blight,0.96536237
Rice_Leaf_Diease/Rice_Leaf_Diease/test/Sheath Blight/IMG_20231014_171741.jpg,sheath_blight,sheath_blight,0.9641506
Rice_Leaf_Diease/Rice_Leaf_Diease/test/Sheath Blight/IMG_20231014_171742.jpg,sheath_blight,sheath_blight,0.9539197
Rice_Leaf_Diease/Rice_Leaf_Diease/test/Sheath Blight/IMG_20231014_171743.jpg,sheath_blight,sheath_blight,0.9771335
Rice_Leaf_Diease/Rice_Leaf_Diease/test/Sheath Blight/IMG_20231014_172039 - Copy.jpg,sheath_blight,sheath_blight,0.9871891
Rice_Leaf_Diease/Rice_Leaf_Diease/test/Sheath Blight/IMG_20231014_172039_1.jpg,sheath_blight,sheath_blight,0.9702946
Rice_Leaf_Diease/Rice_Leaf_Diease/test/Sheath Blight/IMG_20231014_172040.jpg,sheath_blight,sheath_blight,0.9605784
Rice_Leaf_Diease/Rice_Leaf_Diease/test/Sheath Blight/IMG_20231014_172144.jpg,sheath_blight,sheath_blight,0.7861861
Rice_Leaf_Diease/Rice_Leaf_Diease/test/Sheath Blight/IMG_20231014_172619.jpg,sheath_blight,sheath_blight,0.96099377
Rice_Leaf_Diease/Rice_Leaf_Diease/test/Sheath Blight/IMG_20231014_172622.jpg,sheath_blight,sheath_blight,0.95715874
Rice_Leaf_Diease/Rice_Leaf_Diease/test/Sheath Blight/IMG_20231014_172624.jpg,sheath_blight,sheath_blight,0.95542395
Rice_Leaf_Diease/Rice_Leaf_Diease/test/Sheath Blight/IMG_20231014_172625.jpg,sheath_blight,sheath_blight,0.9670855
Rice_Leaf_Diease/Rice_Leaf_Diease/test/Sheath Blight/IMG_20231014_172626.jpg,sheath_blight,sheath_blight,0.92767656
Rice_Leaf_Diease/Rice_Leaf_Diease/test/Sheath Blight/IMG_20231014_172924.jpg,sheath_blight,sheath_blight,0.90962017
Rice_Leaf_Diease/Rice_Leaf_Diease/test/Sheath Blight/IMG_20231014_172925.jpg,sheath_blight,sheath_blight,0.8876616
Rice_Leaf_Diease/Rice_Leaf_Diease/test/Sheath Blight/IMG_20231014_172929.jpg,sheath_blight,sheath_blight,0.902208
Rice_Leaf_Diease/Rice_Leaf_Diease/test/Sheath Blight/IMG_20231014_172936.jpg,sheath_blight,sheath_blight,0.73590595
Rice_Leaf_Diease/Rice_Leaf_Diease/test/Sheath Blight/IMG_20231014_172938.jpg,sheath_blight,sheath_blight,0.9165795
Rice_Leaf_Diease/Rice_Leaf_Diease/test/Sheath Blight/IMG_20231014_172942.jpg,sheath_blight,sheath_blight,0.9215424
Rice_Leaf_Diease/Rice_Leaf_Diease/test/Sheath Blight/IMG_20231014_172945.jpg,sheath_blight,sheath_blight,0.89457035
Rice_Leaf_Diease/Rice_Leaf_Diease/test/Sheath Blight/IMG_20231014_173411.jpg,sheath_blight,sheath_blight,0.9332467
Rice_Leaf_Diease/Rice_Leaf_Diease/test/Sheath Blight/IMG_20231014_173412.jpg,sheath_blight,sheath_blight,0.9506246
Rice_Leaf_Diease/Rice_Leaf_Diease/test/Sheath Blight/IMG_20231014_173413.jpg,sheath_blight,sheath_blight,0.9580527
Rice_Leaf_Diease/Rice_Leaf_Diease/test/Sheath Blight/IMG_20231014_173413_1.jpg,sheath_blight,sheath_blight,0.94731396
Rice_Leaf_Diease/Rice_Leaf_Diease/test/Sheath Blight/IMG_20231014_173414.jpg,sheath_blight,sheath_blight,0.9554776
Rice_Leaf_Diease/Rice_Leaf_Diease/test/Sheath Blight/IMG_20231014_173414_1.jpg,sheath_blight,sheath_blight,0.9513523
Rice_Leaf_Diease/Rice_Leaf_Diease/test/Sheath Blight/IMG_20231014_173417.jpg,sheath_blight,sheath_blight,0.975042
Rice_Leaf_Diease/Rice_Leaf_Diease/test/Sheath Blight/IMG_20231014_173700.jpg,sheath_blight,sheath_blight,0.95122784
Rice_Leaf_Diease/Rice_Leaf_Diease/test/Sheath Blight/IMG_20231014_173701.jpg,sheath_blight,sheath_blight,0.96937704
Rice_Leaf_Diease/Rice_Leaf_Diease/test/Sheath Blight/IMG_20231014_173703.jpg,sheath_blight,sheath_blight,0.96601784
Rice_Leaf_Diease/Rice_Leaf_Diease/test/Sheath Blight/IMG_20231014_173707.jpg,sheath_blight,sheath_blight,0.9382922
Rice_Leaf_Diease/Rice_Leaf_Diease/test/Sheath Blight/IMG_20231014_173710.jpg,sheath_blight,sheath_blight,0.97192085
Rice_Leaf_Diease/Rice_Leaf_Diease/test/Sheath Blight/IMG_20231014_173711.jpg,sheath_blight,sheath_blight,0.9363046
Rice_Leaf_Diease/Rice_Leaf_Diease/test/Sheath Blight/IMG_20231014_173719.jpg,sheath_blight,rice_blast,0.47472817
Rice_Leaf_Diease/Rice_Leaf_Diease/test/Sheath Blight/IMG_20231014_173757.jpg,sheath_blight,sheath_blight,0.9865892
Rice_Leaf_Diease/Rice_Leaf_Diease/test/Sheath Blight/IMG_20231014_173759.jpg,sheath_blight,sheath_blight,0.983585
Rice_Leaf_Diease/Rice_Leaf_Diease/test/Sheath Blight/IMG_20231014_173800.jpg,sheath_blight,sheath_blight,0.9882359
Rice_Leaf_Diease/Rice_Leaf_Diease/test/Sheath Blight/IMG_20231014_173800_1.jpg,sheath_blight,sheath_blight,0.98631734
Rice_Leaf_Diease/Rice_Leaf_Diease/test/Sheath Blight/IMG_20231014_173807.jpg,sheath_blight,sheath_blight,0.9648058
Rice_Leaf_Diease/Rice_Leaf_Diease/test/Sheath Blight/IMG_20231014_173808.jpg,sheath_blight,sheath_blight,0.9855525
Rice_Leaf_Diease/Rice_Leaf_Diease/test/Sheath Blight/IMG_20231014_173852.jpg,sheath_blight,sheath_blight,0.9638622
Rice_Leaf_Diease/Rice_Leaf_Diease/test/Sheath Blight/IMG_20231014_173856.jpg,sheath_blight,sheath_blight,0.91287774
Rice_Leaf_Diease/Rice_Leaf_Diease/test/Sheath Blight/IMG_20231014_173857.jpg,sheath_blight,sheath_blight,0.91730255
Rice_Leaf_Diease/Rice_Leaf_Diease/test/Sheath Blight/IMG_20231014_173859.jpg,sheath_blight,sheath_blight,0.9368422
Rice_Leaf_Diease/Rice_Leaf_Diease/test/Sheath Blight/IMG_20231014_173903.jpg,sheath_blight,sheath_blight,0.9608575
Rice_Leaf_Diease/Rice_Leaf_Diease/test/Sheath Blight/IMG_20231014_173911.jpg,sheath_blight,sheath_blight,0.9512056
Rice_Leaf_Diease/Rice_Leaf_Diease/test/Sheath Blight/IMG_20231014_173912.jpg,sheath_blight,sheath_blight,0.9811489
Rice_Leaf_Diease/Rice_Leaf_Diease/test/Sheath Blight/IMG_20231014_173913.jpg,sheath_blight,sheath_blight,0.9722951
Rice_Leaf_Diease/Rice_Leaf_Diease/test/Sheath Blight/IMG_20231014_173915.jpg,sheath_blight,sheath_blight,0.98428863
Rice_Leaf_Diease/Rice_Leaf_Diease/test/Sheath Blight/IMG_20231014_173918.jpg,sheath_blight,sheath_blight,0.98233676
Rice_Leaf_Diease/Rice_Leaf_Diease/test/Sheath Blight/IMG_20231014_173920.jpg,sheath_blight,sheath_blight,0.9697073
Rice_Leaf_Diease/Rice_Leaf_Diease/test/Sheath Blight/IMG_20231014_173938.jpg,sheath_blight,sheath_blight,0.9543941
Rice_Leaf_Diease/Rice_Leaf_Diease/test/Sheath Blight/IMG_20231014_173939.jpg,sheath_blight,sheath_blight,0.95117074
Rice_Leaf_Diease/Rice_Leaf_Diease/test/Sheath Blight/IMG_20231014_173940.jpg,sheath_blight,sheath_blight,0.97678626
Rice_Leaf_Diease/Rice_Leaf_Diease/test/Sheath Blight/IMG_20231014_173947.jpg,sheath_blight,sheath_blight,0.9544128
Rice_Leaf_Diease/Rice_Leaf_Diease/test/Sheath Blight/IMG_20231014_173949.jpg,sheath_blight,sheath_blight,0.9786354
Rice_Leaf_Diease/Rice_Leaf_Diease/test/Sheath Blight/IMG_20231014_173950.jpg,sheath_blight,sheath_blight,0.96504074
Rice_Leaf_Diease/Rice_Leaf_Diease/test/Sheath Blight/IMG_20231014_173954.jpg,sheath_blight,sheath_blight,0.9794941
Rice_Leaf_Diease/Rice_Leaf_Diease/test/Sheath Blight/IMG_20231014_173957.jpg,sheath_blight,sheath_blight,0.9354764
Rice_Leaf_Diease/Rice_Leaf_Diease/test/Sheath Blight/IMG_20231014_174000.jpg,sheath_blight,sheath_blight,0.9777469
Rice_Leaf_Diease/Rice_Leaf_Diease/test/Sheath Blight/IMG_20231014_174001.jpg,sheath_blight,sheath_blight,0.98249304
Rice_Leaf_Diease/Rice_Leaf_Diease/test/Sheath Blight/IMG_20231014_174001_1.jpg,sheath_blight,sheath_blight,0.9830807
Rice_Leaf_Diease/Rice_Leaf_Diease/test/Sheath Blight/IMG_20231014_174002.jpg,sheath_blight,sheath_blight,0.9825722
Rice_Leaf_Diease/Rice_Leaf_Diease/test/Sheath Blight/IMG_20231014_174003.jpg,sheath_blight,sheath_blight,0.96898526
Rice_Leaf_Diease/Rice_Leaf_Diease/test/Sheath Blight/IMG_20231018_142847.jpg,sheath_blight,sheath_blight,0.9508136
Rice_Leaf_Diease/Rice_Leaf_Diease/test/Sheath Blight/IMG_20231018_142849.jpg,sheath_blight,sheath_blight,0.8831414
Rice_Leaf_Diease/Rice_Leaf_Diease/test/Sheath Blight/IMG_20231018_142904.jpg,sheath_blight,sheath_blight,0.9040384
Rice_Leaf_Diease/Rice_Leaf_Diease/test/Sheath Blight/IMG_20231018_142905.jpg,sheath_blight,sheath_blight,0.8747029
Rice_Leaf_Diease/Rice_Leaf_Diease/test/Sheath Blight/IMG_20231018_142908.jpg,sheath_blight,sheath_blight,0.94279224
Rice_Leaf_Diease/Rice_Leaf_Diease/test/Sheath Blight/IMG_20231018_143209.jpg,sheath_blight,sheath_blight,0.9883938
Rice_Leaf_Diease/Rice_Leaf_Diease/test/Sheath Blight/IMG_20231018_143210.jpg,sheath_blight,sheath_blight,0.97152686
Rice_Leaf_Diease/Rice_Leaf_Diease/test/Sheath Blight/IMG_20231018_143210_1.jpg,sheath_blight,sheath_blight,0.984304
Rice_Leaf_Diease/Rice_Leaf_Diease/test/Sheath Blight/IMG_20231018_143211.jpg,sheath_blight,sheath_blight,0.97622377
Rice_Leaf_Diease/Rice_Leaf_Diease/test/Sheath Blight/IMG_20231018_143256.jpg,sheath_blight,sheath_blight,0.9506558
Rice_Leaf_Diease/Rice_Leaf_Diease/test/Sheath Blight/IMG_20231018_143257.jpg,sheath_blight,sheath_blight,0.81766313
Rice_Leaf_Diease/Rice_Leaf_Diease/test/Sheath Blight/IMG_20231018_143300.jpg,sheath_blight,sheath_blight,0.9281123
Rice_Leaf_Diease/Rice_Leaf_Diease/test/Sheath Blight/IMG_20231018_143300_1.jpg,sheath_blight,sheath_blight,0.86672056
Rice_Leaf_Diease/Rice_Leaf_Diease/test/Sheath Blight/IMG_20231018_143304.jpg,sheath_blight,sheath_blight,0.76978356
Rice_Leaf_Diease/Rice_Leaf_Diease/test/Sheath Blight/IMG_20231018_143315.jpg,sheath_blight,sheath_blight,0.9366438
Rice_Leaf_Diease/Rice_Leaf_Diease/test/Sheath Blight/IMG_20231018_143316.jpg,sheath_blight,sheath_blight,0.878268
Rice_Leaf_Diease/Rice_Leaf_Diease/test/Sheath Blight/IMG_20231018_143316_1.jpg,sheath_blight,sheath_blight,0.8966613
Rice_Leaf_Diease/Rice_Leaf_Diease/test/Sheath Blight/IMG_20231018_143318.jpg,sheath_blight,sheath_blight,0.8820834
Rice_Leaf_Diease/Rice_Leaf_Diease/test/Sheath Blight/IMG_20231018_143320.jpg,sheath_blight,sheath_blight,0.81520575
Rice_Leaf_Diease/Rice_Leaf_Diease/test/Sheath Blight/IMG_20231018_144259.jpg,sheath_blight,sheath_blight,0.9541949
Rice_Leaf_Diease/Rice_Leaf_Diease/test/Sheath Blight/IMG_20231018_144300.jpg,sheath_blight,sheath_blight,0.95664746
Rice_Leaf_Diease/Rice_Leaf_Diease/test/Sheath Blight/IMG_20231018_144301.jpg,sheath_blight,sheath_blight,0.95010614
Rice_Leaf_Diease/Rice_Leaf_Diease/test/Sheath Blight/IMG_20231018_144301_1.jpg,sheath_blight,sheath_blight,0.94662774
Rice_Leaf_Diease/Rice_Leaf_Diease/test/Sheath Blight/IMG_20231018_144301_2.jpg,sheath_blight,sheath_blight,0.9509843
Rice_Leaf_Diease/Rice_Leaf_Diease/test/Sheath Blight/more_01afcec83e1ff0fa5b643752e050e65aa5ca9e22dfd339ece24b82dfa871fef5.jpg,sheath_blight,sheath_blight,0.8893654
Rice_Leaf_Diease/Rice_Leaf_Diease/test/Sheath Blight/more_058b5c747474d6ebcd0ba1f05a48a74ee4c1e2155a369236e6283c25382fe641.jpg,sheath_blight,sheath_blight,0.97548395
Rice_Leaf_Diease/Rice_Leaf_Diease/test/Sheath Blight/more_064819c8421702923af12888be4c952a29be34cba67dc91f133affa413eb63ed.jpg,sheath_blight,sheath_blight,0.8684466
Rice_Leaf_Diease/Rice_Leaf_Diease/test/Sheath Blight/more_06b16b89ba7f3a391c5e97f31014933393baddf725ed262e188fc814059c9de0.jpg,sheath_blight,sheath_blight,0.97037536
Rice_Leaf_Diease/Rice_Leaf_Diease/test/Sheath Blight/more_09bedef941f57860cf9216873095c78b9a57a7d909aedcba619f5e9577f1ae15.jpg,sheath_blight,sheath_blight,0.98970723
Rice_Leaf_Diease/Rice_Leaf_Diease/test/Sheath Blight/more_0a886b6c5158156ffafeb8e471da0e1ad42b9b54af1bb66cc1a2d179f1ac6f71.jpg,sheath_blight,sheath_blight,0.94680136
Rice_Leaf_Diease/Rice_Leaf_Diease/test/Sheath Blight/more_0d5ce4d91f16f0b097f8a074a82339bdc4b0722de698188cf9c3ecb947a0acaa.jpg,sheath_blight,sheath_blight,0.96859497
Rice_Leaf_Diease/Rice_Leaf_Diease/test/Sheath Blight/more_0dd4c1865e44d4bc452aa50b239375b15de12da01696c49f2d236bfabff30f8c.jpg,sheath_blight,sheath_blight,0.96293277
Rice_Leaf_Diease/Rice_Leaf_Diease/test/Sheath Blight/more_10a6a712b8dfaa2521851f9e61e7a2df6804efa01bc533e6b58226acbd51eb10.jpg,sheath_blight,sheath_blight,0.9867676
Rice_Leaf_Diease/Rice_Leaf_Diease/test/Sheath Blight/more_10d94de2c526a4fecf8e67c025b36248efd4abebe471f8eca09d6fc9f431042e.jpg,sheath_blight,sheath_blight,0.97244215
Rice_Leaf_Diease/Rice_Leaf_Diease/test/Sheath Blight/more_12cbd869e01e4b7a9d325724e90fb1412b7a73a23b36be6b5284bd549cf1a2bc.jpg,sheath_blight,sheath_blight,0.9170195
Rice_Leaf_Diease/Rice_Leaf_Diease/test/Sheath Blight/more_136f6e81daf3c4d49e7a34844fbd3be9a201d37480ab5e972a2f395b91b2609c.jpg,sheath_blight,sheath_blight,0.9682845
Rice_Leaf_Diease/Rice_Leaf_Diease/test/Sheath Blight/more_13ece226d338290ba4571adcc3e74fd2cd9025e3a790bf099160bbf9feef8f20.jpg,sheath_blight,sheath_blight,0.9492079
Rice_Leaf_Diease/Rice_Leaf_Diease/test/Sheath Blight/more_15820ecb3f9a4c2e74078c2f1afc2fd471109407c3c8079b9f8370776379a8ed.jpg,sheath_blight,sheath_blight,0.87892944
Rice_Leaf_Diease/Rice_Leaf_Diease/test/Sheath Blight/more_15a6820c4e0736e3f5a6d966528c1197505ec49cd151ecb73dd2d8447185c8bb.jpg,sheath_blight,sheath_blight,0.96434927
Rice_Leaf_Diease/Rice_Leaf_Diease/test/Sheath Blight/more_1622cb2581bf1863664cc9e035a31f0a6de2f32fc005a47d2a8dd2857875cffd.jpg,sheath_blight,sheath_blight,0.96887064
Rice_Leaf_Diease/Rice_Leaf_Diease/test/Sheath Blight/more_16bb8b087243560595ef7e5992256393e0f0fc406317e6ee2b797f9d9a5a0412.jpg,sheath_blight,sheath_blight,0.968597
Rice_Leaf_Diease/Rice_Leaf_Diease/test/Sheath Blight/more_173a4e9e2ea055c934e66172de7114f94051f47ca8bca46698836c897b45ad95.jpg,sheath_blight,sheath_blight,0.9731924
Rice_Leaf_Diease/Rice_Leaf_Diease/test/Sheath Blight/more_18fbafba36840c9d04e07f574ed4bfac1a78a08bea92d2f850bc31e4449d9951.jpg,sheath_blight,sheath_blight,0.9570086
Rice_Leaf_Diease/Rice_Leaf_Diease/test/Sheath Blight/more_1a1f946ec714c04e49d92dc89a8f81e97cd3717f70256207606eabcd3dedd7e0.jpg,sheath_blight,sheath_blight,0.96435815
Rice_Leaf_Diease/Rice_Leaf_Diease/test/Sheath Blight/more_1aac3aa7e1588d12adade57549476d98254ca9bf32391dce3977ba1a1dc0b522.jpg,sheath_blight,sheath_blight,0.86584127
Rice_Leaf_Diease/Rice_Leaf_Diease/test/Sheath Blight/more_1c05be897ced47d9750608d2ad5ec9cad6471163dabb682fb63e52c691fab440.jpg,sheath_blight,sheath_blight,0.9566547
Rice_Leaf_Diease/Rice_Leaf_Diease/test/Sheath Blight/more_1dccd135ae77bba77010500158727b6fd9a82f606ca4991501e86d8f9baba606.jpg,sheath_blight,sheath_blight,0.98590547
Rice_Leaf_Diease/Rice_Leaf_Diease/test/Sheath Blight/more_1e2545ce29cd471278c08212a12e91badac5212074834ef1c567ddca3decb728.jpg,sheath_blight,sheath_blight,0.9569003
Rice_Leaf_Diease/Rice_Leaf_Diease/test/Sheath Blight/more_1fbbe78efaf1ae55fe13f35540726d4856a9d5ff3d0f82bc695b5eceed4ee189.jpg,sheath_blight,sheath_blight,0.88844776
Rice_Leaf_Diease/Rice_Leaf_Diease/test/Sheath Blight/more_1fd4cdca66d975079647ce5f850ef5b951c2ea6f978eb803b8a8fa91626e663a.jpg,sheath_blight,sheath_blight,0.9788408
Rice_Leaf_Diease/Rice_Leaf_Diease/test/Sheath Blight/more_2095d474d9e3db406b8611c5cdacf2b0ca81a9ebe359da77332793bdd505249b.jpg,sheath_blight,sheath_blight,0.97398436
Rice_Leaf_Diease/Rice_Leaf_Diease/test/Sheath Blight/more_20cadaab4f07d9a83aec5370a9308841b73c8b32bed6715135a0afe3908a8f98.jpg,sheath_blight,sheath_blight,0.8993542
Rice_Leaf_Diease/Rice_Leaf_Diease/test/Sheath Blight/more_21f8bf60f43251d8361b8e769903491bf91bfa95be542041f055013964a7ca5b.jpg,sheath_blight,sheath_blight,0.950287
Rice_Leaf_Diease/Rice_Leaf_Diease/test/Sheath Blight/more_235b93fb06a0b9c1fde7fc2e9230968fb1d0a51adc23d8d1e053785d9dc37cb4.jpg,sheath_blight,sheath_blight,0.95940703
Rice_Leaf_Diease/Rice_Leaf_Diease/test/Sheath Blight/more_2373f490d3e0432b521e00bedfa13822114162640f6ce29bcaa36e5caa9142c9.jpg,sheath_blight,sheath_blight,0.9308154
Rice_Leaf_Diease/Rice_Leaf_Diease/test/Sheath Blight/more_244336cc03644e9f2f38725a7b3dfd2287097ca9f60b1ba50e76d9fe9634b85f.jpg,sheath_blight,sheath_blight,0.9088543
Rice_Leaf_Diease/Rice_Leaf_Diease/test/Sheath Blight/more_25ecfdaf57502776f35be03a79a59e455518afb8b0e2a9158374338eb9ae0b9a.jpg,sheath_blight,sheath_blight,0.94214576
Rice_Leaf_Diease/Rice_Leaf_Diease/test/Sheath Blight/more_26a7eda27c583ac14f445774d6253a69564081a41c942df9a1f8346cb8b8cce7.jpg,sheath_blight,sheath_blight,0.979556
Rice_Leaf_Diease/Rice_Leaf_Diease/test/Sheath Blight/more_26b854d1814076f52b65516407f4624e44c115507f0f1594aed1ef2dfd6ecfef.jpg,sheath_blight,sheath_blight,0.92218053
Rice_Leaf_Diease/Rice_Leaf_Diease/test/Sheath Blight/more_273160e239c1b984eb5f9737c7d9447b2238258306ae0afebb4e6159277d6250.jpg,sheath_blight,sheath_blight,0.9764864
Rice_Leaf_Diease/Rice_Leaf_Diease/test/Sheath Blight/more_27a4fa7eb2131eef73c80906cdfead1a548194c329d15644cac501de2fda9d1c.jpg,sheath_blight,sheath_blight,0.9377542
Rice_Leaf_Diease/Rice_Leaf_Diease/test/Sheath Blight/more_27a5e1bfbf91eba4e09aeade36840c420f0ea823c2263f066f24591b576fe59c.jpg,sheath_blight,sheath_blight,0.9821655
Rice_Leaf_Diease/Rice_Leaf_Diease/test/Sheath Blight/more_29b3f7501bf9bbd309d2eaba239a7bfca5599132fc67f77db308cf98e4284fa1.jpg,sheath_blight,sheath_blight,0.9723354
Rice_Leaf_Diease/Rice_Leaf_Diease/test/Sheath Blight/more_2ac1632b1c81d318c1fade75eb5d6270148606d8fcf1448dadd2d94f24a44233.jpg,sheath_blight,sheath_blight,0.9639356
Rice_Leaf_Diease/Rice_Leaf_Diease/test/Sheath Blight/more_2ac6695a281f0201d91dc5e5847d81a4c4906d64592ca8cbcd07865e7886d9d0.jpg,sheath_blight,sheath_blight,0.9987884
Rice_Leaf_Diease/Rice_Leaf_Diease/test/Sheath Blight/more_2b06e741a7e78d45caf81e03fb3831f80c5647f62ef9c98fafa4a775f50ea142.jpg,sheath_blight,sheath_blight,0.9724348
Rice_Leaf_Diease/Rice_Leaf_Diease/test/Sheath Blight/more_2c125eb6110bae5079c7feb5e944bc6fcafd80f5259c5febca0ea8fc08061096.jpg,sheath_blight,sheath_blight,0.846685
Rice_Leaf_Diease/Rice_Leaf_Diease/test/Sheath Blight/more_2cff9dd3161360d2451201c26cad12efe959e488e0f274a0f9ff21c8d244d28b.jpg,sheath_blight,sheath_blight,0.9666257
Rice_Leaf_Diease/Rice_Leaf_Diease/test/Sheath Blight/more_2d320f0e5c43a997f85fa9b3c2265f9230b9844a6b4e8f528c0dc5b0950ab984.jpg,sheath_blight,sheath_blight,0.93526554
Rice_Leaf_Diease/Rice_Leaf_Diease/test/Sheath Blight/more_2fb358ea1687b8729ffd4a0d75012f9d1342fd7ab6ca3ef9df357ea9ee0ac232.jpg,sheath_blight,sheath_blight,0.86900556
Rice_Leaf_Diease/Rice_Leaf_Diease/test/Sheath Blight/more_307c075febe946cc0314ea705e790a0dfd4e5e19d2c4f9c96456318337ff8b33.jpg,sheath_blight,sheath_blight,0.87768555
Rice_Leaf_Diease/Rice_Leaf_Diease/test/Sheath Blight/more_31d53d567357425e891abc90d800465ba6d95d1b0c7338f37bfeebaf270508d0.jpg,sheath_blight,sheath_blight,0.9367917
Rice_Leaf_Diease/Rice_Leaf_Diease/test/Sheath Blight/more_31e6be848522dcf4787565a2ec4455efc6350bfbafcb6f27932b2af8641cce47.jpg,sheath_blight,sheath_blight,0.92995983
Rice_Leaf_Diease/Rice_Leaf_Diease/test/Sheath Blight/more_335e7a2eab0cdc08a87f3c956808009aa049219e197220f4225a87efec8906bc.jpg,sheath_blight,sheath_blight,0.9453296
Rice_Leaf_Diease/Rice_Leaf_Diease/test/Sheath Blight/more_36dbe23680a02bf0a71ae971c5270d7ae1c8f3bda6ad8486fd1b61144dfd2f3e.jpg,sheath_blight,sheath_blight,0.99348795
Rice_Leaf_Diease/Rice_Leaf_Diease/test/Sheath Blight/more_36e1c97de611589a4babe0d6857457225a3104b8d77d3ef80044c6385c7cb92d.jpg,sheath_blight,sheath_blight,0.9737533
Rice_Leaf_Diease/Rice_Leaf_Diease/test/Sheath Blight/more_373ea503df5908f443583f1f919054634ede5836fd12aaa214e816eeda1ab01f.jpg,sheath_blight,sheath_blight,0.96621597
Rice_Leaf_Diease/Rice_Leaf_Diease/test/Sheath Blight/more_37902b3c06a1c39f98f645a5ed961ee92f2d4687f6fade40a91781d10fae739a.jpg,sheath_blight,sheath_blight,0.9056776
Rice_Leaf_Diease/Rice_Leaf_Diease/test/Sheath Blight/more_3930a8310de1a0a361c1c8c82945dec7063696368b61a8317f5a98b62e69e13c.jpg,sheath_blight,sheath_blight,0.9381893
Rice_Leaf_Diease/Rice_Leaf_Diease/test/Sheath Blight/more_39353e2ebc84fb0abc78ac9193a42c417bed83f6e5e6cf0a6398df90b177bfcd.jpg,sheath_blight,sheath_blight,0.93572867
Rice_Leaf_Diease/Rice_Leaf_Diease/test/Sheath Blight/more_3977dda654e1c53e6c6f0f280e149412f376aeebfb0c6519de8c6498663202f3.jpg,sheath_blight,sheath_blight,0.9438591
Rice_Leaf_Diease/Rice_Leaf_Diease/test/Sheath Blight/more_3a27170e4d2e877c4e44ce6808f48ebf46746179e3b076ab86c6f70342b96548.jpg,sheath_blight,sheath_blight,0.9567778
Rice_Leaf_Diease/Rice_Leaf_Diease/test/Sheath Blight/more_3a898dcbb0470eb4674100916e2c17513fe71ddeb18d523f9494c4940b31105d.jpg,sheath_blight,sheath_blight,0.9355
Rice_Leaf_Diease/Rice_Leaf_Diease/test/Sheath Blight/more_3d3994e48dcf202c71b65426eb1b77084eb028c9160f4c41fde21d89bf2588eb.jpg,sheath_blight,sheath_blight,0.9746609
Rice_Leaf_Diease/Rice_Leaf_Diease/test/Sheath Blight/more_3f3a3e4cd01717db15c29a758ffaae27a24e443990cc064f8bb42c974e0aca9b.jpg,sheath_blight,sheath_blight,0.9354508
Rice_Leaf_Diease/Rice_Leaf_Diease/test/Sheath Blight/more_410bdec00aa24225ba65688b28e81d6abcf6a3c3f0cad6f07aca866f69c0035a.jpg,sheath_blight,sheath_blight,0.9587447
Rice_Leaf_Diease/Rice_Leaf_Diease/test/Sheath Blight/more_4269d169df8baaf8b5eb9225fcfb1f55a007cdc746201fb1f4664bc5bda34bfe.jpg,sheath_blight,sheath_blight,0.9186903
Rice_Leaf_Diease/Rice_Leaf_Diease/test/Sheath Blight/more_44a143288438a7d185cee99b1ddc0d82cf6c7154305902b995631c82ef03fc4d.jpg,sheath_blight,sheath_blight,0.93769306
Rice_Leaf_Diease/Rice_Leaf_Diease/test/Sheath Blight/more_47747af4dc5e290fb3bd03553a56582fdf5127a61e01e0d1aa051d39c8a80a98.jpg,sheath_blight,sheath_blight,0.9737766
Rice_Leaf_Diease/Rice_Leaf_Diease/test/Sheath Blight/more_487dc6e2b97b59d33dd3f59f9a4becb6909eda8de64b9f9551d4a6ff8f196743.jpg,sheath_blight,sheath_blight,0.9417516
Rice_Leaf_Diease/Rice_Leaf_Diease/test/Sheath Blight/more_49887e88193de0b9779fa31b087ca182dac484780f3b460224705322c6ba324e.jpg,sheath_blight,sheath_blight,0.9568682
Rice_Leaf_Diease/Rice_Leaf_Diease/test/Sheath Blight/more_49c6f1bf0aff49a6fe7c1fd456f63ea15df13272f90732c62a7a0e2a774db536.jpg,sheath_blight,sheath_blight,0.90382814
Rice_Leaf_Diease/Rice_Leaf_Diease/test/Sheath Blight/more_4ac9cb02f438a90c935cd39bb92eac855757f296739635400e9a0bc487e214f8.jpg,sheath_blight,sheath_blight,0.9518208
Rice_Leaf_Diease/Rice_Leaf_Diease/test/Sheath Blight/more_4bb36e8c3b5adb919cc4d6bfddf7d1d370a92c7da34cc5d7fc7171ffe9e31096.jpg,sheath_blight,sheath_blight,0.9929097
Rice_Leaf_Diease/Rice_Leaf_Diease/test/Sheath Blight/more_4bebe786ea0e986df3e6bee4f13ccfdaeb9fe56814fe752b13cfbcedb14cc867.jpg,sheath_blight,sheath_blight,0.98169005
Rice_Leaf_Diease/Rice_Leaf_Diease/test/Sheath Blight/more_4cc26f41fed319028924dff9fcdf3a5c0b04b9ff7a02470123b5b330aca79bf3.jpg,sheath_blight,sheath_blight,0.93335205
Rice_Leaf_Diease/Rice_Leaf_Diease/test/Sheath Blight/more_4d44f6758ccce1e3ff31a10b35d0fff1a938c4374a88d6785060f8f1f71afbd8.jpg,sheath_blight,sheath_blight,0.9699379
Rice_Leaf_Diease/Rice_Leaf_Diease/test/Sheath Blight/more_4ef3924ea8aa96ccba634e1f42902a5871dc7ec4ba9088d8fa49dd45bdfc1ebd.jpg,sheath_blight,sheath_blight,0.97001654
Rice_Leaf_Diease/Rice_Leaf_Diease/test/Sheath Blight/more_4f6f76e025ce0c3e48e2c02049b977ca4b3f136a2fcceaca2bfb27b9ae647d07.jpg,sheath_blight,sheath_blight,0.9097854
Rice_Leaf_Diease/Rice_Leaf_Diease/test/Sheath Blight/more_4fe037b1c8318c0f5b5ed9f2a537af36e49121b63996194b8183a8a2a762b3aa.jpg,sheath_blight,sheath_blight,0.96591413
Rice_Leaf_Diease/Rice_Leaf_Diease/test/Sheath Blight/more_506e96c907bf0c4fdbe586de73031332d3191bfb8c6b1eefba2a9ed7b0256be8.jpg,sheath_blight,sheath_blight,0.95287615
Rice_Leaf_Diease/Rice_Leaf_Diease/test/Sheath Blight/more_51ab941d1296b09933c6d103f16a3a06da4e31de1e7498b8f9e0954db0c4e8f1.jpg,sheath_blight,sheath_blight,0.9656703
Rice_Leaf_Diease/Rice_Leaf_Diease/test/Sheath Blight/more_522becc4b00d517efa7c745da5b0154931506382b30c3066c1ca365e31ad5a47.jpg,sheath_blight,sheath_blight,0.9563436
Rice_Leaf_Diease/Rice_Leaf_Diease/test/Sheath Blight/more_53acbd20d177c16feabafbb4d31cf9c116c399177b893e7087cb7ea283add24c.jpg,sheath_blight,sheath_blight,0.9638732
Rice_Leaf_Diease/Rice_Leaf_Diease/test/Sheath Blight/more_5534d427033438834610986dba6e21296b31bdeef514974e912407e224cf9156.jpg,sheath_blight,rice_blast,0.6696462
Rice_Leaf_Diease/Rice_Leaf_Diease/test/Sheath Blight/more_57de24b57c471ef3fdf1fbda182accabf297766d90dd97bd4d9f7492f8470e33.jpg,sheath_blight,sheath_blight,0.85920256
Rice_Leaf_Diease/Rice_Leaf_Diease/test/Sheath Blight/more_58deed51e2f67418fd91c429514f0737e78fdf3d2fefdfa58d28d209824f0703.jpg,sheath_blight,sheath_blight,0.9687196
Rice_Leaf_Diease/Rice_Leaf_Diease/test/Sheath Blight/more_59d6409ba88bf2501a0a2b039fbaa5a1bf09031656a95de941991857195e3b95.jpg,sheath_blight,sheath_blight,0.9812158
Rice_Leaf_Diease/Rice_Leaf_Diease/test/Sheath Blight/more_59f614c210ae036fecf8827d66c30c48b076d84b6b3b2f0f64047fb4901292d0.jpg,sheath_blight,sheath_blight,0.9422661
Rice_Leaf_Diease/Rice_Leaf_Diease/test/Sheath Blight/more_5c17e5fd6167754a6e4004b19d3fdefdc3b2134fbd6cb8684bbab8c66f6c981e.jpg,sheath_blight,sheath_blight,0.9668921
Rice_Leaf_Diease/Rice_Leaf_Diease/test/Sheath Blight/more_5c65168318bead24a8624baf8a034a269ead5e12602e86d4f823336b5101ea14.jpg,sheath_blight,sheath_blight,0.97615325
Rice_Leaf_Diease/Rice_Leaf_Diease/test/Sheath Blight/more_5e099ae7d875de4103c518ead459339fbad2a6563ba6a1808abd9526b089a4af.jpg,sheath_blight,sheath_blight,0.91821456
Rice_Leaf_Diease/Rice_Leaf_Diease/test/Sheath Blight/more_5e9af1b5e553b9d667f1831eb0d135eb35488bcfd4a8b4d7ab42cf43195df698.jpg,sheath_blight,sheath_blight,0.9568084
Rice_Leaf_Diease/Rice_Leaf_Diease/test/Sheath Blight/more_5f705976f58768ad8c54c209fd7715b16d957c27246ccb56e589ee0ab8fcd579.jpg,sheath_blight,sheath_blight,0.9507524
Rice_Leaf_Diease/Rice_Leaf_Diease/test/Sheath Blight/more_5fdea0badf0fc56147e1ae96f234ee69c7e315c0e8f17e42d62b629bf48e8a0a.jpg,sheath_blight,sheath_blight,0.98342705
Rice_Leaf_Diease/Rice_Leaf_Diease/test/Sheath Blight/more_6382ac77af58ef8f7724a40e023289f060c629acc50ddc4fb963d569c0db1453.jpg,sheath_blight,sheath_blight,0.9689038
Rice_Leaf_Diease/Rice_Leaf_Diease/test/Sheath Blight/more_64da6e7f104f85aa6dd33aad28a11cfe347b92c96654cc8802cb30ce28068460.jpg,sheath_blight,rice_blast,0.9463946
Rice_Leaf_Diease/Rice_Leaf_Diease/test/Sheath Blight/more_6823766071a3cba0c5c117c2ce33a8ba94260b7751e89fa3fea153268e4be3b7.jpg,sheath_blight,sheath_blight,0.9501592
Rice_Leaf_Diease/Rice_Leaf_Diease/test/Sheath Blight/more_68feb507438672fcd4b25a246ffa010ef3297fbb1c2ea7ccc111964bc9ec980d.jpg,sheath_blight,sheath_blight,0.9869487
Rice_Leaf_Diease/Rice_Leaf_Diease/test/Sheath Blight/more_6922e4181e596b984b67f5a4cefa3a879ea890e9e38b393eb70ae8ded20ff4d7.jpg,sheath_blight,sheath_blight,0.91635925
Rice_Leaf_Diease/Rice_Leaf_Diease/test/Sheath Blight/more_6ab1e760776eab44e3b2de0c2124a00024c3678d702e6ecece7b82b5be148e69.jpg,sheath_blight,sheath_blight,0.9556142
Rice_Leaf_Diease/Rice_Leaf_Diease/test/Sheath Blight/more_6bc91149a70b499b7e7c0313c299d1bc724b0e61ca50c6e87cedd29e039ce9c4.jpg,sheath_blight,sheath_blight,0.9613342
Rice_Leaf_Diease/Rice_Leaf_Diease/test/Sheath Blight/more_6d903e001891f8a561f8f902af0fe0c383f15e6a44c51c0c495dd61e29e8dccc.jpg,sheath_blight,sheath_blight,0.9682239
Rice_Leaf_Diease/Rice_Leaf_Diease/test/Sheath Blight/more_6ee8a027137c5faae4f10ad4d18c15a33308127a38d679464cc2389ff60fbaa6.jpg,sheath_blight,sheath_blight,0.6210846
Rice_Leaf_Diease/Rice_Leaf_Diease/test/Sheath Blight/more_6f3f55b64daf2dab05ccc3b57e186bd085af1f2ebbf21eaa180093d5ee68c849.jpg,sheath_blight,sheath_blight,0.9179812
Rice_Leaf_Diease/Rice_Leaf_Diease/test/Sheath Blight/more_717306c75448e84e60b64d95d595b35f63a264097e32baf17c07b7b00251398e.jpg,sheath_blight,sheath_blight,0.97702456
Rice_Leaf_Diease/Rice_Leaf_Diease/test/Sheath Blight/more_73ae71e366dd0c8ad326c7a71bd4a9523d637650aef8c36857b77274af7a1157.jpg,sheath_blight,sheath_blight,0.8952445
Rice_Leaf_Diease/Rice_Leaf_Diease/test/Sheath Blight/more_75a619bb6f650aa38ffa1047b8718ab292c1e72d3a184c35a82c7056d02bb00b.jpg,sheath_blight,sheath_blight,0.95582545
Rice_Leaf_Diease/Rice_Leaf_Diease/test/Sheath Blight/more_7642a1b65f9ba28cefe823b30498374025cefe0aaaa1f6502f90df4896addd4e.jpg,sheath_blight,sheath_blight,0.973667
Rice_Leaf_Diease/Rice_Leaf_Diease/test/Sheath Blight/more_770afbbc526648dcc810c843d2e7423b368eb190637d7839cf14c0d765e3852d.jpg,sheath_blight,sheath_blight,0.9813161
Rice_Leaf_Diease/Rice_Leaf_Diease/test/Sheath Blight/more_781a2480b535f92418bec2e05aedf0975c74dd9affdaf4bd885cbf80c967b29f.jpg,sheath_blight,sheath_blight,0.66713214
Rice_Leaf_Diease/Rice_Leaf_Diease/test/Sheath Blight/more_7825966c9a564502c2633710aaf5af754b1671de803acc826ccc0e34ea4382b1.jpg,sheath_blight,sheath_blight,0.916827
Rice_Leaf_Diease/Rice_Leaf_Diease/test/Sheath Blight/more_7840805f09427640083d9c0392b280059fbef1e4ebf18d675a157718db0b47ae.jpg,sheath_blight,sheath_blight,0.94287574
Rice_Leaf_Diease/Rice_Leaf_Diease/test/Sheath Blight/more_78a06b7f2c84da4ed06fed05840bb193e7c16c4d444dbdb7d24499ae2bbeb2dc.jpg,sheath_blight,sheath_blight,0.9275831
Rice_Leaf_Diease/Rice_Leaf_Diease/test/Sheath Blight/more_7a391baacd313d143eba1971e99651c37783a77a43460d2f5e40c2a1abcddd83.jpg,sheath_blight,sheath_blight,0.98822474
Rice_Leaf_Diease/Rice_Leaf_Diease/test/Sheath Blight/more_7b3219324187647e8d9a0298bc8f7e9ca9c651f3f997f5b884bb346a6ffb08cf.jpg,sheath_blight,sheath_blight,0.9503969
Rice_Leaf_Diease/Rice_Leaf_Diease/test/Sheath Blight/more_7bf153af1fda584a6632a34c713720c1dae699e7931cf55e0f42856e96d003ea.jpg,sheath_blight,sheath_blight,0.92318386
Rice_Leaf_Diease/Rice_Leaf_Diease/test/Sheath Blight/more_7c2c46680552846a9678f4123a9fac3e7c6273644fea5cbbb2ff08d7aa25159b.jpg,sheath_blight,sheath_blight,0.9704062
Rice_Leaf_Diease/Rice_Leaf_Diease/test/Sheath Blight/more_7c4cb8df76556eeeaa12e0f7f0fd675d4eb8159eb8347f2c0dd91cbcdad71040.jpg,sheath_blight,sheath_blight,0.9755383
Rice_Leaf_Diease/Rice_Leaf_Diease/test/Sheath Blight/more_7c50d49e630f6f7acd9026b87c0631255ae5a8fec9017c9c4b450955d4bf7218.jpg,sheath_blight,sheath_blight,0.98472035
Rice_Leaf_Diease/Rice_Leaf_Diease/test/Sheath Blight/more_7ea31b35c72f9ae103265751a2f6f9b3cea2098f8ca2c9929db42f3f99daf564.jpg,sheath_blight,sheath_blight,0.95667845
Rice_Leaf_Diease/Rice_Leaf_Diease/test/Sheath Blight/more_7f21e73109e500c7d1702b9c56f1cf14525aa0680650b88f8ce87ad8ca4e3b8d.jpg,sheath_blight,sheath_blight,0.96231186
Rice_Leaf_Diease/Rice_Leaf_Diease/test/Sheath Blight/more_80c7738963910caaf0aa22301e3b8109655ce25d40652a4d2ed182c946fec81d.jpg,sheath_blight,sheath_blight,0.77901614
Rice_Leaf_Diease/Rice_Leaf_Diease/test/Sheath Blight/more_8151c239d2f960bfd25c2ecf8ced8f33c16a5622ab482ee060f08ddd12d8a908.jpg,sheath_blight,sheath_blight,0.9540583
Rice_Leaf_Diease/Rice_Leaf_Diease/test/Sheath Blight/more_81b9026e50007dfcd10c65615218076f8d620aa9287c089213f05450a57f3d13.jpg,sheath_blight,sheath_blight,0.9396775
Rice_Leaf_Diease/Rice_Leaf_Diease/test/Sheath Blight/more_82bfb6a73418129c0692027ee6319918ee19204a96191a8e4593a7cae7a3588b.jpg,sheath_blight,sheath_blight,0.99275583
Rice_Leaf_Diease/Rice_Leaf_Diease/test/Sheath Blight/more_82dde9d04200544ce3e6eea7c4e683cdf1e01ecd6f79589bdb968ae48d10eb25.jpg,sheath_blight,sheath_blight,0.93869853
Rice_Leaf_Diease/Rice_Leaf_Diease/test/Sheath Blight/more_83b2d94489ddbbf24129372fa2f56dac4b0257c7cb1e3ed4d232a2a9f6fe182a.jpg,sheath_blight,sheath_blight,0.94601274
Rice_Leaf_Diease/Rice_Leaf_Diease/test/Sheath Blight/more_8474d9fb8d482c81a69a0e8e9e0591dc0cbea21f0c755922cfb7acb3f6b0dec6.jpg,sheath_blight,sheath_blight,0.96814626
Rice_Leaf_Diease/Rice_Leaf_Diease/test/Sheath Blight/more_84c623df663be54b1f1b8071ec3885cb7eeac6c462db72155f7093b45922d8cf.jpg,sheath_blight,sheath_blight,0.9750592
Rice_Leaf_Diease/Rice_Leaf_Diease/test/Sheath Blight/more_86045a8ddaa63351e7020016bc724d3c87a7798b64d80bca8839422532463044.jpg,sheath_blight,sheath_blight,0.9910734
Rice_Leaf_Diease/Rice_Leaf_Diease/test/Sheath Blight/more_87d7baca9a96229bb416d3d0d9c397c6aaec1e43dabe5f30609f72429e4cfbb0.jpg,sheath_blight,sheath_blight,0.95949787
Rice_Leaf_Diease/Rice_Leaf_Diease/test/Sheath Blight/more_88f7e113e021e68aa55a804051c79d88087e401f265189ccfdc781283f31ab95.jpg,sheath_blight,rice_blast,0.8749411
Rice_Leaf_Diease/Rice_Leaf_Diease/test/Sheath Blight/more_890ce265c32d9284914938d78ac6c8328d3d1aa2f82622f1ebf59ff46881bcd5.jpg,sheath_blight,sheath_blight,0.93248653
Rice_Leaf_Diease/Rice_Leaf_Diease/test/Sheath Blight/more_89860920253be064bf8fa931cd61b0f5d024dcc2d1fa950821ac3391ec6829d5.jpg,sheath_blight,sheath_blight,0.9813456
Rice_Leaf_Diease/Rice_Leaf_Diease/test/Sheath Blight/more_8bf8a55af3ec03d359407b90bc78498f64549aa70f5f4cc247d3e9da17372a06.jpg,sheath_blight,sheath_blight,0.9751281
Rice_Leaf_Diease/Rice_Leaf_Diease/test/Sheath Blight/more_8dc3ca26444d0c1a572e9569430cfc5a432472b543611d44142563091986a15b.jpg,sheath_blight,sheath_blight,0.9571283
Rice_Leaf_Diease/Rice_Leaf_Diease/test/Sheath Blight/more_8e969ac1edd148a33e0cf0ba09ecf3760732a08aa327e727d589e93393094fbf.jpg,sheath_blight,sheath_blight,0.92489094
Rice_Leaf_Diease/Rice_Leaf_Diease/test/Sheath Blight/more_8f80ede82ebbce786de97aa8716f9b813dfa344b05547afc269155e591299824.jpg,sheath_blight,sheath_blight,0.9806943
Rice_Leaf_Diease/Rice_Leaf_Diease/test/Sheath Blight/more_8fb688367ca19771deee5be63e99913cf80d1373b4347746ca7ffdd21ac3393d.jpg,sheath_blight,sheath_blight,0.9764705
Rice_Leaf_Diease/Rice_Leaf_Diease/test/Sheath Blight/more_912548f4f0bddfc39adf6839dae6d188d972d62f4b567ee4a7c199e03618a1f1.jpg,sheath_blight,sheath_blight,0.9627494
Rice_Leaf_Diease/Rice_Leaf_Diease/test/Sheath Blight/more_91bdec87fe933eb59912edd20385a0b74dafec2fcb1a50ef32a35d50ed6f69d0.jpg,sheath_blight,sheath_blight,0.8719789
Rice_Leaf_Diease/Rice_Leaf_Diease/test/Sheath Blight/more_9299890abf7d5398fde6a9b8784d0957c944a1db0e43dfc9f877c0bf8ef396a9.jpg,sheath_blight,sheath_blight,0.93505096
Rice_Leaf_Diease/Rice_Leaf_Diease/test/Sheath Blight/more_93501d7e98ffb2010013c332fac660f3f2ad04ad856d6ac0f2ae565fd0771537.jpg,sheath_blight,sheath_blight,0.9627767
Rice_Leaf_Diease/Rice_Leaf_Diease/test/Sheath Blight/more_95cc13a55aceb6cb9035124f1f5a6f406bc15ebe3c2e812af2457a14eec4103e.jpg,sheath_blight,sheath_blight,0.96789217
Rice_Leaf_Diease/Rice_Leaf_Diease/test/Sheath Blight/more_963a973e150c498dec28727a4d8b3469804398af9e3865b1cad80c6536926f9d.jpg,sheath_blight,sheath_blight,0.998355
Rice_Leaf_Diease/Rice_Leaf_Diease/test/Sheath Blight/more_98e10c72abcfbc9f8e702bb0ff8e5867b75b7efbec937e1a1912cc9d878c328d.jpg,sheath_blight,sheath_blight,0.9418538
Rice_Leaf_Diease/Rice_Leaf_Diease/test/Sheath Blight/more_9938db4ad9182b2b77f2766b8841d388145d1a2cb42a9e8ac833331881750a7e.jpg,sheath_blight,sheath_blight,0.97407913
Rice_Leaf_Diease/Rice_Leaf_Diease/test/Sheath Blight/more_9b14d4406ee0d9d0bfac6c5296d0e4c46c60948ba65d97859b2507dd62c26cdf.jpg,sheath_blight,sheath_blight,0.93169105
Rice_Leaf_Diease/Rice_Leaf_Diease/test/Sheath Blight/more_9dcfd76308a68de4b84958f1397bac462871778b8b90ba712baa25bf7fedb63a.jpg,sheath_blight,sheath_blight,0.9714112
Rice_Leaf_Diease/Rice_Leaf_Diease/test/Sheath Blight/more_9e29abd20a2b40304d162e98fdb901c497c012b24b10af97ce6ecd78c26684cd.jpg,sheath_blight,sheath_blight,0.9790258
Rice_Leaf_Diease/Rice_Leaf_Diease/test/Sheath Blight/more_9f46ddd31c1e646d308cb2ae3501364291372383a7651ca757664fde1b2ff045.jpg,sheath_blight,sheath_blight,0.9664878
Rice_Leaf_Diease/Rice_Leaf_Diease/test/Sheath Blight/more_9fe72efd0f1a7e259724a417f314292b33200bf829c94802fb49a664af5a010d.jpg,sheath_blight,sheath_blight,0.95794374
Rice_Leaf_Diease/Rice_Leaf_Diease/test/Sheath Blight/more_a0484627560eff80d0fa50d703ddaf219140dbde024ccd53a34adfbbedfdebbf.jpg,sheath_blight,sheath_blight,0.876217
Rice_Leaf_Diease/Rice_Leaf_Diease/test/Sheath Blight/more_a20f686037982f5ae61c146d09d2ad096b1f1057bf967e036e80821a9f731604.jpg,sheath_blight,sheath_blight,0.97319734
Rice_Leaf_Diease/Rice_Leaf_Diease/test/Sheath Blight/more_a73be3ed46eb84e9f3ff20700ea21983c602f11cd8e6c83896fcba28102db447.jpg,sheath_blight,sheath_blight,0.8814134
Rice_Leaf_Diease/Rice_Leaf_Diease/test/Sheath Blight/more_a92b486a4907dc11b5eae04d32dcb276699baf4f2bb010ae9f32330cc9d52240.jpg,sheath_blight,sheath_blight,0.9768151
Rice_Leaf_Diease/Rice_Leaf_Diease/test/Sheath Blight/more_aada639f7474f08a2778595ba3c83be323c0e037dbc701c41e5af5a8d9de09c8.jpg,sheath_blight,sheath_blight,0.9084228
Rice_Leaf_Diease/Rice_Leaf_Diease/test/Sheath Blight/more_ab7642ca8fc8e129ebf444c69aee1e8b46142d85e4b9e188745d83eda16923d4.jpg,sheath_blight,sheath_blight,0.9588568
Rice_Leaf_Diease/Rice_Leaf_Diease/test/Sheath Blight/more_b046c78290d1e3afc0d271436f1d0273513b15159a3a4e17e8c8c7515be0d540.jpg,sheath_blight,sheath_blight,0.9691658
Rice_Leaf_Diease/Rice_Leaf_Diease/test/Sheath Blight/more_b39bad6451f66bb34ea8ac3d2a1ac832ae9c947578f31494e2d45bc00541f554.jpg,sheath_blight,sheath_blight,0.9361085
Rice_Leaf_Diease/Rice_Leaf_Diease/test/Sheath Blight/more_b41b5ce0af2fe68e9e4a70ba9b01bfd8dbd6c834cca1dde0b200e4075c43ae83.jpg,sheath_blight,sheath_blight,0.99028987
Rice_Leaf_Diease/Rice_Leaf_Diease/test/Sheath Blight/more_b474bc8a660175d86a9101fd9d76d04f3ab98bc4a97732acb4577ad3fad2766e.jpg,sheath_blight,sheath_blight,0.93509954
Rice_Leaf_Diease/Rice_Leaf_Diease/test/Sheath Blight/more_b8f26de9f7ccb7cb415e5171c180a81f4a2b88f09eaaf2061ff97099a666b23e.jpg,sheath_blight,sheath_blight,0.969964
Rice_Leaf_Diease/Rice_Leaf_Diease/test/Sheath Blight/more_bd04efbbb7b87fdf8b6634b6ca5fc51e452cf5269ae9bf0d2644834e663a40b1.jpg,sheath_blight,sheath_blight,0.9599052
Rice_Leaf_Diease/Rice_Leaf_Diease/test/Sheath Blight/more_bda80dbab57df3747c7cdea7c8ef7421363a9eb2a785fa1771a2e34c2c5e86f9.jpg,sheath_blight,sheath_blight,0.9637955
Rice_Leaf_Diease/Rice_Leaf_Diease/test/Sheath Blight/more_bdbdee5d43c53a36a98bf5933c60a12f8b6ddc0971c9a45ffe93e31d1a10da9e.jpg,sheath_blight,sheath_blight,0.96771866
Rice_Leaf_Diease/Rice_Leaf_Diease/test/Sheath Blight/more_c0bb0555edce0a31373af1d0d7e2172f00a6106a70f9d61b599772042c191fbd.jpg,sheath_blight,sheath_blight,0.9653167
Rice_Leaf_Diease/Rice_Leaf_Diease/test/Sheath Blight/more_c0cd5b33b37c5062778b92fb98332e1d518fb8a7fb322a77cd76aa29274434e6.jpg,sheath_blight,sheath_blight,0.9202766
Rice_Leaf_Diease/Rice_Leaf_Diease/test/Sheath Blight/more_c1fc811aea566b6c9208e3b16c5780aebb4d5ffb6071ae878082df693c274415.jpg,sheath_blight,sheath_blight,0.9760367
Rice_Leaf_Diease/Rice_Leaf_Diease/test/Sheath Blight/more_c23352be06bee7a135177f632008fa89302473e8d8f79853f61ead0d80c672b5.jpg,sheath_blight,sheath_blight,0.9565284
Rice_Leaf_Diease/Rice_Leaf_Diease/test/Sheath Blight/more_c4fd686ac20e4045e097d76a49adcd780150136a7c856887f9ca21f6aeaeb665.jpg,sheath_blight,sheath_blight,0.9691488
Rice_Leaf_Diease/Rice_Leaf_Diease/test/Sheath Blight/more_c504fa5196acbc5d3b3db0a951bf5f6cf247af2b4c1d315c07bf712f2e591761.jpg,sheath_blight,sheath_blight,0.92562896
Rice_Leaf_Diease/Rice_Leaf_Diease/test/Sheath Blight/more_c5eaaae6656432c40de39405760a10023da1df6537b8690e46947b0b608c071b.jpg,sheath_blight,sheath_blight,0.909383
Rice_Leaf_Diease/Rice_Leaf_Diease/test/Sheath Blight/more_c6f774214cf5077e930212a3d1b8f8e6d024df4bcda7605751035be8f37a192f.jpg,sheath_blight,sheath_blight,0.9566614
Rice_Leaf_Diease/Rice_Leaf_Diease/test/Sheath Blight/more_c995363686c2716c16a6a7a38147e244d5dbeff3a36a461e656914ee8e09b047.jpg,sheath_blight,sheath_blight,0.86745787
Rice_Leaf_Diease/Rice_Leaf_Diease/test/Sheath Blight/more_c9a6615f78360fcf8ee029c539c236cb9b51e577d482165c90221618345ed39a.jpg,sheath_blight,sheath_blight,0.90280575
Rice_Leaf_Diease/Rice_Leaf_Diease/test/Sheath Blight/more_cd5a5b40096317c4f428c75c27f2f53788763ad1769b4eb617889bbe48f809f3.jpg,sheath_blight,sheath_blight,0.9894183
Rice_Leaf_Diease/Rice_Leaf_Diease/test/Sheath Blight/more_cd82651327d69c89f5b16d999bd0649b09ed7ff8e28a77f88d57a19e4a7a64bd.jpg,sheath_blight,sheath_blight,0.89675295
Rice_Leaf_Diease/Rice_Leaf_Diease/test/Sheath Blight/more_cf153f3ab187fd5ad5b6875105e208c6e0e16691dd0975e89a5bd4e041b76353.jpg,sheath_blight,sheath_blight,0.96540934
Rice_Leaf_Diease/Rice_Leaf_Diease/test/Sheath Blight/more_d03a755535454dd10e7b17c4ff117c85ce4fcaa006d62a3c9c09090734e8edca.jpg,sheath_blight,rice_blast,0.8792781
Rice_Leaf_Diease/Rice_Leaf_Diease/test/Sheath Blight/more_d1160f5b7f18e76fc0c677ec72803fc490709cca7b82103c26709ba441efb9c6.jpg,sheath_blight,sheath_blight,0.9873044
Rice_Leaf_Diease/Rice_Leaf_Diease/test/Sheath Blight/more_d1d9e7b0f709c4720ae34f9e22e9350cd29f797d5e567407da69c4e1ddb45b2d.jpg,sheath_blight,sheath_blight,0.95163196
Rice_Leaf_Diease/Rice_Leaf_Diease/test/Sheath Blight/more_d56079c364b59b150084ee71542cff24a01e7e6733fcdc6f8430a39bfa625199.jpg,sheath_blight,sheath_blight,0.93832314
Rice_Leaf_Diease/Rice_Leaf_Diease/test/Sheath Blight/more_dae2fb81d29bc25ba17f00e1bb286dd40e0747479104993ef5e1f43c01192032.jpg,sheath_blight,sheath_blight,0.89903605
Rice_Leaf_Diease/Rice_Leaf_Diease/test/Sheath Blight/more_ddf52255135fe94f1c2fba19cdf682b0f62868c34f66861218a39df3669b6b87.jpg,sheath_blight,sheath_blight,0.95311326
Rice_Leaf_Diease/Rice_Leaf_Diease/test/Sheath Blight/more_debd9f77b98b773344b235fcf6eeca1d8fe1932c7ef0b89a76cfcf44f39beb4c.jpg,sheath_blight,sheath_blight,0.9522319
Rice_Leaf_Diease/Rice_Leaf_Diease/test/Sheath Blight/more_dedd08afb8b7a04777aa4d02149651a263c677f1296e37a255cd33b3f4099a34.jpg,sheath_blight,sheath_blight,0.907706
Rice_Leaf_Diease/Rice_Leaf_Diease/test/Sheath Blight/more_e03b750a19249214c7fbc5b1d96a15972329583ed4a3ce38e30f47e9aac1a70f.jpg,sheath_blight,sheath_blight,0.9010772
Rice_Leaf_Diease/Rice_Leaf_Diease/test/Sheath Blight/more_e053535c2829fad538aaf4d4000733b38d487bbf13670aaa8fd4b54727a18f90.jpg,sheath_blight,sheath_blight,0.9576023
Rice_Leaf_Diease/Rice_Leaf_Diease/test/Sheath Blight/more_e176a0051dff39992a4f714da996ecf659a1db16127eb08abbb3e19f0130193c.jpg,sheath_blight,sheath_blight,0.9185103
Rice_Leaf_Diease/Rice_Leaf_Diease/test/Sheath Blight/more_e1ad7ff10ed4e8ed86228b450f6304aa61f9eee075424b3582577b7be5a7a6db.jpg,sheath_blight,sheath_blight,0.9607478
Rice_Leaf_Diease/Rice_Leaf_Diease/test/Sheath Blight/more_e2b5cd1fe3e0d3a5935ad58041421962b373a7294e73572463a48fb95bc3c7ba.jpg,sheath_blight,sheath_blight,0.9618425
Rice_Leaf_Diease/Rice_Leaf_Diease/test/Sheath Blight/more_e2fc12882e5104ad0adcfecc3f501bb4d336d00690264e9e33bef50eb63d441b.jpg,sheath_blight,sheath_blight,0.9672994
Rice_Leaf_Diease/Rice_Leaf_Diease/test/Sheath Blight/more_e6394267ce58d54759e9d49aa5e0831d2d8117e228feee18e8795dbdab0e09a8.jpg,sheath_blight,sheath_blight,0.99051064
Rice_Leaf_Diease/Rice_Leaf_Diease/test/Sheath Blight/more_e649b8a24ae1ad54dd7144323f5668c670ea86d0036995d428c1c3428f18c4d5.jpg,sheath_blight,sheath_blight,0.9595229
Rice_Leaf_Diease/Rice_Leaf_Diease/test/Sheath Blight/more_e7ff03ead31c30adb6514f74325c300d24aa1f13ad4e0e64c9714f5bbb95ebc1.jpg,sheath_blight,sheath_blight,0.9643841
Rice_Leaf_Diease/Rice_Leaf_Diease/test/Sheath Blight/more_e82e0be946b096502244bf92b727c03b547d7c7b5bc6537c507810118b6bc82e.jpg,sheath_blight,sheath_blight,0.98101956
Rice_Leaf_Diease/Rice_Leaf_Diease/test/Sheath Blight/more_e8ad83741d3f3c3ca8ad003a2db755f894f51bcc09c84b955e530cd6e61b9bbc.jpg,sheath_blight,sheath_blight,0.97050357
Rice_Leaf_Diease/Rice_Leaf_Diease/test/Sheath Blight/more_e9df5c6969f0fec1d287d162264e6e675fed06d8c551861bc7d8b733a0177ad1.jpg,sheath_blight,sheath_blight,0.962679
Rice_Leaf_Diease/Rice_Leaf_Diease/test/Sheath Blight/more_eb09ae93178a51221d0d1000d64b30dc8a3b26e1668f916b7209463c586d05b0.jpg,sheath_blight,sheath_blight,0.8810895
Rice_Leaf_Diease/Rice_Leaf_Diease/test/Sheath Blight/more_eb2a60b1b5815c7b5ee38179cb1689d4cbd60f53c345a3020abd57731dc90325.jpg,sheath_blight,sheath_blight,0.96834016
Rice_Leaf_Diease/Rice_Leaf_Diease/test/Sheath Blight/more_eb6c4dffa4df1e5bf2bcc75d50c739c2fd33745fdb31095f500d58e455ecff8e.jpg,sheath_blight,sheath_blight,0.96834254
Rice_Leaf_Diease/Rice_Leaf_Diease/test/Sheath Blight/more_eb7707a4b29601e0e66a35e0b4e1a116f42a718e4362ec07d741da2100ebe7cd.jpg,sheath_blight,sheath_blight,0.9463364
Rice_Leaf_Diease/Rice_Leaf_Diease/test/Sheath Blight/more_ebf2412966ceebf52364e407cf80190b4f5e0d9821fa7bfb54c76a90b4110cfc.jpg,sheath_blight,sheath_blight,0.9394227
Rice_Leaf_Diease/Rice_Leaf_Diease/test/Sheath Blight/more_ed8a93d92622af81ec240701b19bec33384d78bcff57f82f6ab9be12e7c9df17.jpg,sheath_blight,sheath_blight,0.96307683
Rice_Leaf_Diease/Rice_Leaf_Diease/test/Sheath Blight/more_ee888216234f8fd1834a52cd7b77fc7022198932dadd7d40e728603443c8bf9e.jpg,sheath_blight,sheath_blight,0.95228475
Rice_Leaf_Diease/Rice_Leaf_Diease/test/Sheath Blight/more_ef9f1d974ffd09fc755a0681091ea2746dab5bce68761838cf2071e9d633adaf.jpg,sheath_blight,sheath_blight,0.96734667
Rice_Leaf_Diease/Rice_Leaf_Diease/test/Sheath Blight/more_f47036e4156a46d2dbe1aa198ed5fd1c8bbb297815e10c03321632fe86af4e7c.jpg,sheath_blight,sheath_blight,0.935813
Rice_Leaf_Diease/Rice_Leaf_Diease/test/Sheath Blight/more_f66cc688f6f0e14f7c7b8ec60f1e0bdabe522fda288a3ffe8b7a7dbf781bfbaa.jpg,sheath_blight,sheath_blight,0.98492545
Rice_Leaf_Diease/Rice_Leaf_Diease/test/Sheath Blight/more_f72d914eb9e1ff73de5e9e82031961d763e8a40abcdd3e3a0f10ca4120ddf465.jpg,sheath_blight,sheath_blight,0.40612635
Rice_Leaf_Diease/Rice_Leaf_Diease/test/Sheath Blight/more_f7b0e7a6367a2eb71dfe964379c34d8e4c05ab8778d65a6e27fd22b34bcaef1a.jpg,sheath_blight,sheath_blight,0.9814323
Rice_Leaf_Diease/Rice_Leaf_Diease/test/Sheath Blight/more_f8a1c50131542adcb9fe1554539f926beb7337b1fc1ddfc96750e5587ec3005b.jpg,sheath_blight,sheath_blight,0.92858267
Rice_Leaf_Diease/Rice_Leaf_Diease/test/Sheath Blight/more_f9580549969dddcda4396d29e87f5d8ba103a8b8e103f2b8febe84069912cf7e.jpg,sheath_blight,sheath_blight,0.8437969
Rice_Leaf_Diease/Rice_Leaf_Diease/test/Sheath Blight/more_f99fca4920920d6ea9e9b3601be2cbbe5f5072caab0763d7b099c44c3008ab03.jpg,sheath_blight,sheath_blight,0.9854519
Rice_Leaf_Diease/Rice_Leaf_Diease/test/Sheath Blight/more_f9e6183f488f76e045e67b664931e726e446541cce23e8c24b7b86dc145603eb.jpg,sheath_blight,sheath_blight,0.99378455
Rice_Leaf_Diease/Rice_Leaf_Diease/test/Sheath Blight/more_fc881548f1480dfadd5b68df4b78ef973e67aeafa4091bd0874fa7b10407f5c9.jpg,sheath_blight,sheath_blight,0.95993763
Rice_Leaf_Diease/Rice_Leaf_Diease/test/Sheath Blight/more_fd71550ced3064b244fa012afd7b97fac6ee61f76d3f6c5da6ce2e5b9337cf80.jpg,sheath_blight,sheath_blight,0.96158665
Rice_Leaf_Diease/Rice_Leaf_Diease/test/Sheath Blight/more_fdf2bbd629336334e9e1b0eee5198c37de10c0a56aebb50709ea935ea21b528d.jpg,sheath_blight,sheath_blight,0.79288596
Rice_Leaf_Diease/Rice_Leaf_Diease/test/Sheath Blight/more_ffec52c85c18ed51eb291f516560b11d732ffd4ca24529a38bc96064a3520b43.jpg,sheath_blight,sheath_blight,0.94331366
